Base Type,Base Type ID_x,Affix Effect Modifier_x,Type_x,Is Weapon_x,displayName_x,subTypeId,levelRequirement_x,itemTags_x,addedWeaponRange_x,attackRate_x,classRequirement_x,subClassRequirement_x,IMSetTier_x,uniques.1.displayName,uniques.1.overrideLevelRequirement_x,uniques.1.levelRequirement_x,uniques.1.uniqueId_x,uniques.1.setId_x,uniques.1.rerollChance_x,uniques.1.noWorldDrops_x,uniques.1.isFractureUnique_x,uniques.1.isSetUnique_x,uniques.1.isLegendary_x,uniques.1.basicMods_x,uniques.1.descriptionParts_x,uniques.1.loreText_x,uniques.1.sprite_x,uniques.1.hideLevelRequirement_x,Base Type ID_y,Affix Effect Modifier_y,Type_y,Is Weapon_y,displayName_y,levelRequirement_y,itemTags_y,addedWeaponRange_y,attackRate_y,classRequirement_y,subClassRequirement_y,IMSetTier_y,uniques.1.overrideLevelRequirement_y,uniques.1.levelRequirement_y,uniques.1.uniqueId_y,uniques.1.setId_y,uniques.1.rerollChance_y,uniques.1.noWorldDrops_y,uniques.1.isFractureUnique_y,uniques.1.isSetUnique_y,uniques.1.isLegendary_y,uniques.1.basicMods_y,uniques.1.descriptionParts_y,uniques.1.loreText_y,uniques.1.sprite_y,uniques.1.hideLevelRequirement_y
Helmets,0,0.0,0,0,Refuge Helmet,0,0,0,0.0,1.0,0,0,0,,,,,,,,,,,,,,,,,,,,,,,,,,,,,,,,,,,,,,,,,
Helmets,0,0.0,0,0,Jewelled Circlet,1,7,0,0.0,1.0,0,0,1,,,,,,,,,,,,,,,,0.0,4.0,0.0,0.0,Calamity,7.0,0.0,0.0,1.0,0.0,0.0,1.0,0.0,0.0,1.0,0.0,0.0,0.0,0.0,0.0,0.0,"[{'value': 10.5, 'property': 1, 'specialTag': 1, 'tags': 8, 'type': 0, 'hideStatMod': 1}, {'value': 0.4, 'property': 0, 'specialTag': 0, 'tags': 8, 'type': 1, 'hideStatMod': 0}]","[{'description': '150% chance to ignite on hit with fire skills', 'altText': None, 'setPart': 0, 'setItemRequirement': 0}, {'description': 'When you kill an enemy with a fire skill you take 4 fire damage over the next 2 seconds', 'altText': None, 'setPart': 0, 'setItemRequirement': 0}]",Set the world ablaze and burn along with it,IIwBjeB2FiA.png,True
Helmets,0,0.0,0,0,Jewelled Circlet,1,7,0,0.0,1.0,0,0,1,,,,,,,,,,,,,,,,0.0,4.0,0.0,0.0,Fractured Crown,7.0,0.0,0.0,1.0,0.0,0.0,1.0,0.0,0.0,2.0,0.0,0.0,1.0,1.0,0.0,0.0,"[{'value': -0.1, 'property': 6, 'specialTag': 0, 'tags': 0, 'type': 2, 'hideStatMod': 0}, {'value': 1, 'property': 5, 'specialTag': 0, 'tags': 256, 'type': 0, 'hideStatMod': 0}, {'value': 0.2, 'property': 69, 'specialTag': 0, 'tags': 256, 'type': 0, 'hideStatMod': 0}]","[{'description': 'You have no ward', 'altText': None, 'setPart': 0, 'setItemRequirement': 0}]",Few goals have cost more lives than the quest for power,IIwBjeB2ECYg.png,True
Helmets,0,0.0,0,0,Iron Casque,2,10,0,0.0,1.0,0,0,2,,,,,,,,,,,,,,,,0.0,4.0,0.0,0.0,Snowblind,10.0,0.0,0.0,1.0,0.0,0.0,2.0,0.0,0.0,1.0,0.0,0.0,0.0,0.0,0.0,0.0,"[{'value': 80, 'property': 14, 'specialTag': 0, 'tags': 0, 'type': 0, 'hideStatMod': 0}, {'value': 0.8, 'property': 67, 'specialTag': 0, 'tags': 0, 'type': 0, 'hideStatMod': 0}, {'value': 40, 'property': 10, 'specialTag': 0, 'tags': 0, 'type': 0, 'hideStatMod': 0}, {'value': 0.2, 'property': 1, 'specialTag': 3, 'tags': 4, 'type': 0, 'hideStatMod': 1}, {'value': 0.2, 'property': 1, 'specialTag': 14, 'tags': 4, 'type': 0, 'hideStatMod': 1}]","[{'description': '20% chance to chill on hit with cold skills', 'altText': None, 'setPart': 0, 'setItemRequirement': 0}, {'description': '20% chance to blind on hit with cold skills', 'altText': None, 'setPart': 0, 'setItemRequirement': 0}, {'description': 'You cannot be blinded', 'altText': None, 'setPart': 0, 'setItemRequirement': 0}]","Blind with the snow, never blinded by it",IIwBjYJgdhYg.png,True
Helmets,0,0.0,0,0,Dome Cap,4,24,0,0.0,1.0,0,0,4,,,,,,,,,,,,,,,,0.0,4.0,0.0,0.0,Decayed Skull,24.0,0.0,0.0,1.0,0.0,0.0,4.0,0.0,0.0,1.0,0.0,0.0,0.0,0.0,0.0,0.0,"[{'value': 0.8, 'property': 0, 'specialTag': 0, 'tags': 16, 'type': 1, 'hideStatMod': 1}, {'value': 0.8, 'property': 0, 'specialTag': 0, 'tags': 32, 'type': 1, 'hideStatMod': 1}, {'value': 0.2, 'property': 31, 'specialTag': 0, 'tags': 16, 'type': 0, 'hideStatMod': 1}, {'value': 0.2, 'property': 31, 'specialTag': 0, 'tags': 32, 'type': 0, 'hideStatMod': 1}, {'value': 30, 'property': 10, 'specialTag': 0, 'tags': 0, 'type': 0, 'hideStatMod': 0}]","[{'description': '80% increased void and necrotic damage', 'altText': None, 'setPart': 0, 'setItemRequirement': 0}, {'description': '20% of void and necrotic damage taken as physical damage', 'altText': None, 'setPart': 0, 'setItemRequirement': 0}]",A monument to the world's decay carved in bone and steel,IIwBjYFgdhYg.png,True
Helmets,0,0.0,0,0,Bronze Casque,5,39,0,0.0,1.0,0,0,8,,,,,,,,,,,,,,,,0.0,4.0,0.0,0.0,Isadora's Revenge,39.0,0.0,0.0,1.0,0.0,0.0,8.0,0.0,0.0,1.0,1.0,0.0,0.0,0.0,1.0,0.0,"[{'value': 0.1, 'property': 62, 'specialTag': 0, 'tags': 0, 'type': 0, 'hideStatMod': 0}, {'value': 180, 'property': 12, 'specialTag': 0, 'tags': 0, 'type': 0, 'hideStatMod': 0}, {'value': 40, 'property': 7, 'specialTag': 0, 'tags': 0, 'type': 0, 'hideStatMod': 0}]","[{'description': '80% increased necrotic damage if you have been hit recently', 'altText': 'recently refers to the past 4 seconds', 'setPart': 1, 'setItemRequirement': 2}, {'description': '+30% mana efficiency with necrotic abilities', 'altText': None, 'setPart': 1, 'setItemRequirement': 3}]","'""...and enraged she arose with murder in her eyes...""'",IIwBjYVgDhYg.png,True
Helmets,0,0.0,0,0,Gladiator Helmet,6,65,0,0.0,1.0,0,0,8,,,,,,,,,,,,,,,,0.0,4.0,0.0,0.0,Boneclamor Barbute,65.0,0.0,0.0,1.0,0.0,0.0,8.0,0.0,0.0,1.0,0.0,0.0,0.0,0.0,0.0,0.0,"[{'value': 150, 'property': 10, 'specialTag': 0, 'tags': 0, 'type': 0, 'hideStatMod': 0}, {'value': 10, 'property': 22, 'specialTag': 0, 'tags': 0, 'type': 0, 'hideStatMod': 0}, {'value': 10, 'property': 21, 'specialTag': 0, 'tags': 0, 'type': 0, 'hideStatMod': 0}, {'value': 150, 'property': 27, 'specialTag': 0, 'tags': 0, 'type': 0, 'hideStatMod': 0}, {'value': 15, 'property': 92, 'specialTag': 0, 'tags': 0, 'type': 0, 'hideStatMod': 0}]",[],"'""The essence of the bone seemed to reverberate within my skull. Singing and dancing into a song of fortifying vigor. Never have I felt so alive."" - Ethenus, First Legate of the Immortal Legion.'",IIwBjYNgdhYg.png,True
Helmets,0,0.0,0,0,Outcast Cage,8,0,0,0.0,1.0,8,0,0,,,,,,,,,,,,,,,,,,,,,,,,,,,,,,,,,,,,,,,,,
Helmets,0,0.0,0,0,Skull Cage,9,5,0,0.0,1.0,8,0,1,,,,,,,,,,,,,,,,,,,,,,,,,,,,,,,,,,,,,,,,,
Helmets,0,0.0,0,0,Death Mask,10,23,0,0.0,1.0,8,0,2,,,,,,,,,,,,,,,,,,,,,,,,,,,,,,,,,,,,,,,,,
Helmets,0,0.0,0,0,Tomb Cage,11,31,0,0.0,1.0,8,0,4,,,,,,,,,,,,,,,,,,,,,,,,,,,,,,,,,,,,,,,,,
Helmets,0,0.0,0,0,Heretic Cage,12,46,0,0.0,1.0,8,0,3,,,,,,,,,,,,,,,,,,,,,,,,,,,,,,,,,,,,,,,,,
Helmets,0,0.0,0,0,Ivory Mask,13,61,0,0.0,1.0,8,0,7,,,,,,,,,,,,,,,,,,,,,,,,,,,,,,,,,,,,,,,,,
Helmets,0,0.0,0,0,Profane Mask,14,64,0,0.0,1.0,8,0,6,,,,,,,,,,,,,,,,,,,,,,,,,,,,,,,,,,,,,,,,,
Helmets,0,0.0,0,0,Burial Mask,15,70,0,0.0,1.0,8,0,8,,,,,,,,,,,,,,,,,,,,,,,,,,,,,,,,,,,,,,,,,
Helmets,0,0.0,0,0,Copper Circlet,16,0,0,0.0,1.0,2,0,0,,,,,,,,,,,,,,,,,,,,,,,,,,,,,,,,,,,,,,,,,
Helmets,0,0.0,0,0,Weathered Crown,17,6,0,0.0,1.0,2,0,4,,,,,,,,,,,,,,,,,,,,,,,,,,,,,,,,,,,,,,,,,
Helmets,0,0.0,0,0,Shadow Crest,18,15,0,0.0,1.0,2,0,2,,,,,,,,,,,,,,,,,,,,,,,,,,,,,,,,,,,,,,,,,
Helmets,0,0.0,0,0,Ruby Circlet,19,29,0,0.0,1.0,2,0,3,,,,,,,,,,,,,,,,,,,,,,,,,,,,,,,,,,,,,,,,,
Helmets,0,0.0,0,0,Silver Crown,20,42,0,0.0,1.0,2,0,1,,,,,,,,,,,,,,,,,,,,,,,,,,,,,,,,,,,,,,,,,
Helmets,0,0.0,0,0,Diadem,21,59,0,0.0,1.0,2,0,7,,,,,,,,,,,,,,,,,,,,,,,,,,,,,,,,,,,,,,,,,
Helmets,0,0.0,0,0,Solar Crown,22,68,0,0.0,1.0,2,0,6,,,,,,,,,,,,,,,,,,,,,,,,,,,,,,,,,,,,,,,,,
Helmets,0,0.0,0,0,Gilded Crown,23,72,0,0.0,1.0,2,0,7,,,,,,,,,,,,,,,,,,,,,,,,,,,,,,,,,,,,,,,,,
Helmets,0,0.0,0,0,Leather Cowl,24,0,0,0.0,1.0,1,0,1,,,,,,,,,,,,,,,,,,,,,,,,,,,,,,,,,,,,,,,,,
Helmets,0,0.0,0,0,Wolf Pelt,25,12,0,0.0,1.0,1,0,0,,,,,,,,,,,,,,,,,,,,,,,,,,,,,,,,,,,,,,,,,
Helmets,0,0.0,0,0,Forest Cowl,26,22,0,0.0,1.0,1,0,4,,,,,,,,,,,,,,,,,,,,,,,,,,,,,,,,,,,,,,,,,
Helmets,0,0.0,0,0,Nomad Cowl,27,30,0,0.0,1.0,1,0,3,,,,,,,,,,,,,,,,,,,,,,,,,,,,,,,,,,,,,,,,,
Helmets,0,0.0,0,0,Ivory Cowl,28,42,0,0.0,1.0,1,0,7,,,,,,,,,,,,,,,,,,,,,,,,,,,,,,,,,,,,,,,,,
Helmets,0,0.0,0,0,Farwood Cowl,29,61,0,0.0,1.0,1,0,8,,,,,,,,,,,,,,,,,,,,,,,,,,,,,,,,,,,,,,,,,
Helmets,0,0.0,0,0,Darkwolf Pelt,30,67,0,0.0,1.0,1,0,5,,,,,,,,,,,,,,,,,,,,,,,,,,,,,,,,,,,,,,,,,
Helmets,0,0.0,0,0,Icewolf Pelt,31,67,0,0.0,1.0,1,0,2,,,,,,,,,,,,,,,,,,,,,,,,,,,,,,,,,,,,,,,,,
Helmets,0,0.0,0,0,Battered Helm,32,0,0,0.0,1.0,4,0,0,,,,,,,,,,,,,,,,,,,,,,,,,,,,,,,,,,,,,,,,,
Helmets,0,0.0,0,0,Crested Helm,33,4,0,0.0,1.0,4,0,1,,,,,,,,,,,,,,,,,,,,,,,,,,,,,,,,,,,,,,,,,
Helmets,0,0.0,0,0,Solar Helm,34,13,0,0.0,1.0,4,0,2,,,,,,,,,,,,,,,,,,,,,,,,,,,,,,,,,,,,,,,,,
Helmets,0,0.0,0,0,Full Helm,35,28,0,0.0,1.0,4,0,3,,,,,,,,,,,,,,,,,,,,,,,,,,,,,,,,,,,,,,,,,
Helmets,0,0.0,0,0,Bronze Helm,36,42,0,0.0,1.0,4,0,4,,,,,,,,,,,,,,,,,,,,,,,,,,,,,,,,,,,,,,,,,
Helmets,0,0.0,0,0,Myrmidon Helm,37,60,0,0.0,1.0,4,0,5,,,,,,,,,,,,,,,,,,,,,,,,,,,,,,,,,,,,,,,,,
Helmets,0,0.0,0,0,Dawn Helm,38,68,0,0.0,1.0,4,0,6,,,,,,,,,,,,,,,,,,,,,,,,,,,,,,,,,,,,,,,,,
Helmets,0,0.0,0,0,Winged Helm,39,70,0,0.0,1.0,4,0,8,,,,,,,,,,,,,,,,,,,,,,,,,,,,,,,,,,,,,,,,,
Helmets,0,0.0,0,0,Celestial Helm,40,71,0,0.0,1.0,2,0,8,,,,,,,,,,,,,,,,,,,,,,,,,,,,,,,,,,,,,,,,,
Helmets,0,0.0,0,0,Horned Cowl,41,70,0,0.0,1.0,1,0,6,,,,,,,,,,,,,,,,,,,,,,,,,,,,,,,,,,,,,,,,,
Helmets,0,0.0,0,0,Leather Mask,42,0,0,0.0,1.0,16,0,5,,,,,,,,,,,,,,,,,,,,,,,,,,,,,,,,,,,,,,,,,
Helmets,0,0.0,0,0,Cloth Hood,43,7,0,0.0,1.0,16,0,3,,,,,,,,,,,,,,,,,,,,,,,,,,,,,,,,,,,,,,,,,
Helmets,0,0.0,0,0,Verdant Hood,44,24,0,0.0,1.0,16,0,0,,,,,,,,,,,,,,,,,,,,,,,,,,,,,,,,,,,,,,,,,
Helmets,0,0.0,0,0,Desert Mask,45,32,0,0.0,1.0,16,0,1,,,,,,,,,,,,,,,,,,,,,,,,,,,,,,,,,,,,,,,,,
Helmets,0,0.0,0,0,Dusk Hood,46,38,0,0.0,1.0,16,0,2,,,,,,,,,,,,,,,,,,,,,,,,,,,,,,,,,,,,,,,,,
Helmets,0,0.0,0,0,Kelthan Mask,47,53,0,0.0,1.0,16,0,4,,,,,,,,,,,,,,,,,,,,,,,,,,,,,,,,,,,,,,,,,
Helmets,0,0.0,0,0,Blood Cowl,48,57,0,0.0,1.0,16,0,6,,,,,,,,,,,,,,,,,,,,,,,,,,,,,,,,,,,,,,,,,
Helmets,0,0.0,0,0,Scalebane Grimace,49,63,0,0.0,1.0,16,0,8,,,,,,,,,,,,,,,,,,,,,,,,,,,,,,,,,,,,,,,,,
Helmets,0,0.0,0,0,Umbral Visage,50,70,0,0.0,1.0,16,0,7,,,,,,,,,,,,,,,,,,,,,,,,,,,,,,,,,,,,,,,,,
Body Armor,1,0.5,1,0,Refuge Armor,0,0,0,0.0,1.0,0,0,0,,,,,,,,,,,,,,,,1.0,4.0,1.0,0.0,The Falcon,0.0,0.0,0.0,1.0,0.0,0.0,0.0,0.0,0.0,1.0,0.0,0.0,0.0,0.0,0.0,0.0,"[{'value': 45, 'property': 11, 'specialTag': 0, 'tags': 0, 'type': 0, 'hideStatMod': 0}]","[{'description': '15% increased movement speed if you have hit an enemy in the last 5 seconds', 'altText': None, 'setPart': 0, 'setItemRequirement': 0}]", May the dying breaths of your enemies put air beneath your wings,IIwBhrB2cg.png,True
Body Armor,1,0.5,1,0,Leather Coat,1,5,0,0.0,1.0,0,0,1,,,,,,,,,,,,,,,,1.0,4.0,1.0,0.0,Doublet of Onos Tull,5.0,0.0,0.0,1.0,0.0,0.0,1.0,0.0,0.0,1.0,0.0,0.0,0.0,0.0,0.0,0.0,"[{'value': 0.4, 'property': 1, 'specialTag': 2, 'tags': 8192, 'type': 0, 'hideStatMod': 1}, {'value': 1, 'property': 42, 'specialTag': 2, 'tags': 8192, 'type': 0, 'hideStatMod': 1}, {'value': 60, 'property': 7, 'specialTag': 0, 'tags': 0, 'type': 0, 'hideStatMod': 0}]","[{'description': 'Minions have +40% Chance to Bleed on Hit', 'altText': None, 'setPart': 0, 'setItemRequirement': 0}, {'description': 'Minions have 100% Increased Bleed Duration', 'altText': None, 'setPart': 0, 'setItemRequirement': 0}]","The horns of the Immortal Empire fill the hearts of the living with fear, and the bones of the dead with glory",IIwBhvB2cg.png,True
Body Armor,1,0.5,1,0,Leather Coat,1,5,0,0.0,1.0,0,0,1,,,,,,,,,,,,,,,,1.0,4.0,1.0,0.0,Prism Wraps,5.0,0.0,0.0,1.0,0.0,0.0,1.0,0.0,0.0,2.0,0.0,0.0,0.0,0.0,0.0,0.0,"[{'value': -0.3, 'property': 6, 'specialTag': 0, 'tags': 128, 'type': 2, 'hideStatMod': 0}, {'value': 0.3, 'property': 0, 'specialTag': 0, 'tags': 128, 'type': 1, 'hideStatMod': 0}, {'value': 3, 'property': 51, 'specialTag': 2, 'tags': 128, 'type': 0, 'hideStatMod': 0}]",[],"the elements shift like light through a prism, if you control the prism you control the elements",IIwBhvB2ECYg.png,True
Body Armor,1,0.5,1,0,Iron Armor,2,15,0,0.0,1.0,0,0,2,,,,,,,,,,,,,,,,1.0,4.0,1.0,0.0,Urzil's Pride,15.0,0.0,0.0,1.0,0.0,0.0,2.0,0.0,0.0,1.0,0.0,0.0,0.0,0.0,0.0,0.0,"[{'value': 25, 'property': 10, 'specialTag': 0, 'tags': 0, 'type': 0, 'hideStatMod': 0}, {'value': 40, 'property': 8, 'specialTag': 0, 'tags': 0, 'type': 0, 'hideStatMod': 0}, {'value': 9, 'property': 19, 'specialTag': 0, 'tags': 0, 'type': 0, 'hideStatMod': 0}]","[{'description': '2% increased mana regeneration per 100 points of armour', 'altText': None, 'setPart': 0, 'setItemRequirement': 0}]",Strength of mind and strength of body are a potent combination,IIwBhpAmB2cg.png,True
Body Armor,1,0.5,1,0,Noble Raiment,3,23,0,0.0,1.0,0,0,8,,,,,,,,,,,,,,,,1.0,4.0,1.0,0.0,Exsanguinous,23.0,0.0,0.0,1.0,0.0,0.0,8.0,0.0,0.0,1.0,0.0,0.0,0.0,0.0,0.0,0.0,"[{'value': 0.2, 'property': 2, 'specialTag': 0, 'tags': 65536, 'type': 1, 'hideStatMod': 1}, {'value': 0.2, 'property': 3, 'specialTag': 0, 'tags': 65536, 'type': 1, 'hideStatMod': 1}, {'value': 0.2, 'property': 9, 'specialTag': 0, 'tags': 65536, 'type': 1, 'hideStatMod': 1}]","[{'description': 'You lose 20% of your current health per second', 'altText': 'This is not affected by increases and reductions to health drain effects', 'setPart': 0, 'setItemRequirement': 0}, {'description': 'Gain 20% of your missing health as ward per second', 'altText': None, 'setPart': 0, 'setItemRequirement': 0}, {'description': '20% increased attack speed, cast speed, and movement speed if you have used a potion in the past 4 seconds', 'altText': None, 'setPart': 0, 'setItemRequirement': 0}, {'description': 'Immunity to Bleed at low health', 'altText': None, 'setPart': 0, 'setItemRequirement': 0}]",Crazed is the mind of a blood starved Lich,IIwBhpBmB2cg.png,True
Body Armor,1,0.5,1,0,Banded Armor,4,27,0,0.0,1.0,0,0,4,,,,,,,,,,,,,,,,1.0,4.0,1.0,0.0,Yrun's Wisdom,27.0,0.0,0.0,1.0,0.0,0.0,4.0,0.0,0.0,1.0,0.0,0.0,0.0,0.0,0.0,0.0,"[{'value': 65, 'property': 7, 'specialTag': 0, 'tags': 0, 'type': 0, 'hideStatMod': 0}]","[{'description': '+30 melee cold damage when above 65% health', 'altText': None, 'setPart': 0, 'setItemRequirement': 0}, {'description': '30% of melee damage leeched as health when below 65% health', 'altText': None, 'setPart': 0, 'setItemRequirement': 0}]","Yrun was wise in battle, but not in his betrayal of Heorot.",IIwBhpAWB2cg.png,True
Body Armor,1,0.5,1,0,Copper Plate,5,41,0,0.0,1.0,0,0,5,,,,,,,,,,,,,,,,1.0,4.0,1.0,0.0,Titan Heart,41.0,0.0,0.0,1.0,0.0,0.0,5.0,0.0,0.0,1.0,0.0,0.0,0.0,0.0,0.0,0.0,"[{'value': 50, 'property': 10, 'specialTag': 0, 'tags': 0, 'type': 0, 'hideStatMod': 0}, {'value': -1, 'property': 17, 'specialTag': 0, 'tags': 0, 'type': 2, 'hideStatMod': 1}, {'value': -0.1, 'property': 6, 'specialTag': 0, 'tags': 0, 'type': 2, 'hideStatMod': 0}, {'value': 0.3, 'property': 7, 'specialTag': 0, 'tags': 0, 'type': 1, 'hideStatMod': 0}]","[{'description': 'You do not regenerate health', 'altText': 'You can still regain health through methods other than health regen', 'setPart': 0, 'setItemRequirement': 0}]","Heart of stone, blood of gravel",IIwBhpBWB2cg.png,True
Body Armor,1,0.5,1,0,Gladiator Armor,6,60,0,0.0,1.0,0,0,6,,,,,,,,,,,,,,,,,,,,,,,,,,,,,,,,,,,,,,,,,
Body Armor,1,0.5,1,0,Forest Garb,7,35,0,0.0,1.0,0,0,7,,,,,,,,,,,,,,,,1.0,4.0,1.0,0.0,Valeroot,35.0,0.0,0.0,1.0,0.0,0.0,7.0,0.0,0.0,1.0,0.0,0.0,0.0,0.0,0.0,0.0,"[{'value': 0.4, 'property': 41, 'specialTag': 0, 'tags': 0, 'type': 0, 'hideStatMod': 0}, {'value': 40, 'property': 7, 'specialTag': 0, 'tags': 0, 'type': 0, 'hideStatMod': 0}, {'value': 40, 'property': 8, 'specialTag': 0, 'tags': 0, 'type': 0, 'hideStatMod': 0}, {'value': 40, 'property': 85, 'specialTag': 0, 'tags': 0, 'type': 0, 'hideStatMod': 0}]","[{'description': '10% chance to summon a Vale Spirit when you cast a Physical or Buff Spell', 'altText': 'Vale spritis are immortal spell casting minions that last for 15 seconds', 'setPart': 0, 'setItemRequirement': 0}]",The roots of Eterra grow through stone and flesh and time,IIwBhpB2TyA.png,True
Body Armor,1,0.5,1,0,Outcast Rags,8,0,0,0.0,1.0,8,0,0,,,,,,,,,,,,,,,,,,,,,,,,,,,,,,,,,,,,,,,,,
Body Armor,1,0.5,1,0,Witch Robes,9,5,0,0.0,1.0,8,0,1,,,,,,,,,,,,,,,,,,,,,,,,,,,,,,,,,,,,,,,,,
Body Armor,1,0.5,1,0,Heretic Armor,10,14,0,0.0,1.0,8,0,3,,,,,,,,,,,,,,,,,,,,,,,,,,,,,,,,,,,,,,,,,
Body Armor,1,0.5,1,0,Coven Robes,11,31,0,0.0,1.0,8,0,4,,,,,,,,,,,,,,,,,,,,,,,,,,,,,,,,,,,,,,,,,
Body Armor,1,0.5,1,0,Ribbed Cuirass,12,46,0,0.0,1.0,8,0,5,,,,,,,,,,,,,,,,,,,,,,,,,,,,,,,,,,,,,,,,,
Body Armor,1,0.5,1,0,Burial Plate,13,61,0,0.0,1.0,8,0,6,,,,,,,,,,,,,,,,,,,,,,,,,,,,,,,,,,,,,,,,,
Body Armor,1,0.5,1,0,Profane Armor,14,64,0,0.0,1.0,8,0,7,,,,,,,,,,,,,,,,,,,,,,,,,,,,,,,,,,,,,,,,,
Body Armor,1,0.5,1,0,Immortal Plate,15,66,0,0.0,1.0,8,0,8,,,,,,,,,,,,,,,,,,,,,,,,,,,,,,,,,,,,,,,,,
Body Armor,1,0.5,1,0,Traveling Coat,16,0,0,0.0,1.0,2,0,0,,,,,,,,,,,,,,,,,,,,,,,,,,,,,,,,,,,,,,,,,
Body Armor,1,0.5,1,0,Adept Robes,17,8,0,0.0,1.0,2,0,1,,,,,,,,,,,,,,,,,,,,,,,,,,,,,,,,,,,,,,,,,
Body Armor,1,0.5,1,0,Temple Garb,18,19,0,0.0,1.0,2,0,2,,,,,,,,,,,,,,,,,,,,,,,,,,,,,,,,,,,,,,,,,
Body Armor,1,0.5,1,0,Opulent Coat,19,25,0,0.0,1.0,2,0,3,,,,,,,,,,,,,,,,,,,,,,,,,,,,,,,,,,,,,,,,,
Body Armor,1,0.5,1,0,Arcanist Robes,20,40,0,0.0,1.0,2,0,4,,,,,,,,,,,,,,,,,,,,,,,,,,,,,,,,,,,,,,,,,
Body Armor,1,0.5,1,0,Elder Raiment,21,62,0,0.0,1.0,2,0,5,,,,,,,,,,,,,,,,,,,,,,,,,,,,,,,,,,,,,,,,,
Body Armor,1,0.5,1,0,Battlemage Robes,22,65,0,0.0,1.0,2,0,6,,,,,,,,,,,,,,,,,,,,,,,,,,,,,,,,,,,,,,,,,
Body Armor,1,0.5,1,0,Archmage Robes,23,70,0,0.0,1.0,2,0,7,,,,,,,,,,,,,,,,,,,,,,,,,,,,,,,,,,,,,,,,,
Body Armor,1,0.5,1,0,Hide Armor,24,0,0,0.0,1.0,1,0,0,,,,,,,,,,,,,,,,,,,,,,,,,,,,,,,,,,,,,,,,,
Body Armor,1,0.5,1,0,Wooden Armor,25,4,0,0.0,1.0,1,0,1,,,,,,,,,,,,,,,,,,,,,,,,,,,,,,,,,,,,,,,,,
Body Armor,1,0.5,1,0,Leather Armor,26,16,0,0.0,1.0,1,0,2,,,,,,,,,,,,,,,,,,,,,,,,,,,,,,,,,,,,,,,,,
Body Armor,1,0.5,1,0,Rowan Armor,27,30,0,0.0,1.0,1,0,3,,,,,,,,,,,,,,,,,,,,,,,,,,,,,,,,,,,,,,,,,
Body Armor,1,0.5,1,0,Nomad Garb,28,40,0,0.0,1.0,1,0,4,,,,,,,,,,,,,,,,,,,,,,,,,,,,,,,,,,,,,,,,,
Body Armor,1,0.5,1,0,Oak Armor,29,58,0,0.0,1.0,1,0,5,,,,,,,,,,,,,,,,,,,,,,,,,,,,,,,,,,,,,,,,,
Body Armor,1,0.5,1,0,Wild Armor,30,67,0,0.0,1.0,1,0,7,,,,,,,,,,,,,,,,,,,,,,,,,,,,,,,,,,,,,,,,,
Body Armor,1,0.5,1,0,Heoborean Armor,31,67,0,0.0,1.0,1,0,8,,,,,,,,,,,,,,,,,,,,,,,,,,,,,,,,,,,,,,,,,
Body Armor,1,0.5,1,0,Worn Plate,32,0,0,0.0,1.0,4,0,0,,,,,,,,,,,,,,,,,,,,,,,,,,,,,,,,,,,,,,,,,
Body Armor,1,0.5,1,0,Iron Cuirass,33,5,0,0.0,1.0,4,0,1,,,,,,,,,,,,,,,,,,,,,,,,,,,,,,,,,,,,,,,,,
Body Armor,1,0.5,1,0,Solar Plate,34,13,0,0.0,1.0,4,0,2,,,,,,,,,,,,,,,,,,,,,,,,,,,,,,,,,,,,,,,,,
Body Armor,1,0.5,1,0,Full Plate,35,28,0,0.0,1.0,4,0,3,,,,,,,,,,,,,,,,,,,,,,,,,,,,,,,,,,,,,,,,,
Body Armor,1,0.5,1,0,Bronze Cuirass,36,42,0,0.0,1.0,4,0,4,,,,,,,,,,,,,,,,,,,,,,,,,,,,,,,,,,,,,,,,,
Body Armor,1,0.5,1,0,Myrmidon Plate,37,60,0,0.0,1.0,4,0,5,,,,,,,,,,,,,,,,,,,,,,,,,,,,,,,,,,,,,,,,,
Body Armor,1,0.5,1,0,Dawn Plate,38,68,0,0.0,1.0,4,0,7,,,,,,,,,,,,,,,,,,,,,,,,,,,,,,,,,,,,,,,,,
Body Armor,1,0.5,1,0,Solarum Plate,39,70,0,0.0,1.0,4,0,8,,,,,,,,,,,,,,,,,,,,,,,,,,,,,,,,,,,,,,,,,
Body Armor,1,0.5,1,0,Augury Plate,40,65,0,0.0,1.0,4,0,6,,,,,,,,,,,,,,,,,,,,,,,,,,,,,,,,,,,,,,,,,
Body Armor,1,0.5,1,0,Celestial Robes,41,72,0,0.0,1.0,2,0,8,,,,,,,,,,,,,,,,,,,,,,,,,,,,,,,,,,,,,,,,,
Body Armor,1,0.5,1,0,Shamanic Garb,42,64,0,0.0,1.0,1,0,6,,,,,,,,,,,,,,,,,,,,,,,,,,,,,,,,,,,,,,,,,
Body Armor,1,0.5,1,0,Cloth Armour,43,0,0,0.0,1.0,16,0,0,,,,,,,,,,,,,,,,,,,,,,,,,,,,,,,,,,,,,,,,,
Body Armor,1,0.5,1,0,Leather Hauberk,44,4,0,0.0,1.0,16,0,1,,,,,,,,,,,,,,,,,,,,,,,,,,,,,,,,,,,,,,,,,
Body Armor,1,0.5,1,0,Padded Armour,45,14,0,0.0,1.0,16,0,2,,,,,,,,,,,,,,,,,,,,,,,,,,,,,,,,,,,,,,,,,
Body Armor,1,0.5,1,0,Hunting Garb,46,24,0,0.0,1.0,16,0,3,,,,,,,,,,,,,,,,,,,,,,,,,,,,,,,,,,,,,,,,,
Body Armor,1,0.5,1,0,Boiled Leather,47,32,0,0.0,1.0,16,0,4,,,,,,,,,,,,,,,,,,,,,,,,,,,,,,,,,,,,,,,,,
Body Armor,1,0.5,1,0,Mercenary Leather,48,48,0,0.0,1.0,16,0,5,,,,,,,,,,,,,,,,,,,,,,,,,,,,,,,,,,,,,,,,,
Body Armor,1,0.5,1,0,Brigandine Armour,49,58,0,0.0,1.0,16,0,7,,,,,,,,,,,,,,,,,,,,,,,,,,,,,,,,,,,,,,,,,
Body Armor,1,0.5,1,0,Scalebane Armour,50,66,0,0.0,1.0,16,0,6,,,,,,,,,,,,,,,,,,,,,,,,,,,,,,,,,,,,,,,,,
Body Armor,1,0.5,1,0,Crimson Garb,51,70,0,0.0,1.0,16,0,8,,,,,,,,,,,,,,,,,,,,,,,,,,,,,,,,,,,,,,,,,
Belts,2,0.0,2,0,Sash,0,0,0,0.0,1.0,0,0,0,,,,,,,,,,,,,,,,2.0,4.0,2.0,0.0,Vipertail,0.0,0.0,0.0,1.0,0.0,0.0,0.0,1.0,6.0,1.0,0.0,0.0,0.0,0.0,0.0,0.0,"[{'value': 0.5, 'property': 1, 'specialTag': 7, 'tags': 0, 'type': 0, 'hideStatMod': 0}, {'value': 0.5, 'property': 1, 'specialTag': 6, 'tags': 0, 'type': 0, 'hideStatMod': 0}, {'value': 0.05, 'property': 2, 'specialTag': 0, 'tags': 512, 'type': 1, 'hideStatMod': 0}, {'value': 0.45, 'property': 11, 'specialTag': 0, 'tags': 0, 'type': 1, 'hideStatMod': 0}]",[],The bite of the viper brings lethargy and death,IIwBhCYxB2FiA.png,False
Belts,2,0.0,2,0,Leather Belt,1,14,0,0.0,1.0,0,0,0,,,,,,,,,,,,,,,,,,,,,,,,,,,,,,,,,,,,,,,,,
Belts,2,0.0,2,0,Plated Belt,2,19,0,0.0,1.0,0,0,0,,,,,,,,,,,,,,,,2.0,4.0,2.0,0.0,Isadora's Tomb Binding,19.0,0.0,0.0,1.0,0.0,0.0,0.0,0.0,0.0,1.0,1.0,0.0,0.0,0.0,1.0,0.0,"[{'value': 200, 'property': 10, 'specialTag': 0, 'tags': 0, 'type': 0, 'hideStatMod': 0}, {'value': 0.15, 'property': 3, 'specialTag': 0, 'tags': 0, 'type': 1, 'hideStatMod': 0}, {'value': 0.5, 'property': 17, 'specialTag': 0, 'tags': 0, 'type': 1, 'hideStatMod': 0}]","[{'description': '80% increased necrotic damage if you have been hit recently', 'altText': 'recently refers to the past 4 seconds', 'setPart': 1, 'setItemRequirement': 2}, {'description': '+30% mana efficiency with necrotic abilities', 'altText': None, 'setPart': 1, 'setItemRequirement': 3}]","'""...with a stake they slew her, and with silver they bound her...""'",IIwBhCY3AOFiA.png,True
Belts,2,0.0,2,0,Bronze Belt,4,44,0,0.0,1.0,0,0,0,,,,,,,,,,,,,,,,,,,,,,,,,,,,,,,,,,,,,,,,,
Belts,2,0.0,2,0,Ranger's Belt,5,60,0,0.0,1.0,0,0,0,,,,,,,,,,,,,,,,2.0,4.0,2.0,0.0,Ward Trail,60.0,0.0,0.0,1.0,0.0,0.0,0.0,0.0,0.0,1.0,0.0,0.0,0.0,0.0,0.0,0.0,"[{'value': 80, 'property': 11, 'specialTag': 0, 'tags': 0, 'type': 0, 'hideStatMod': 0}, {'value': 0.1, 'property': 9, 'specialTag': 0, 'tags': 0, 'type': 1, 'hideStatMod': 0}]","[{'description': 'Gain 20 ward on dodge', 'altText': None, 'setPart': 0, 'setItemRequirement': 0}]","Many things are fickle, few more so than life itself",IIwBhCYwVgdhYg.png,True
Belts,2,0.0,2,0,Noble Sash,6,32,0,0.0,1.0,0,0,1,,,,,,,,,,,,,,,,2.0,4.0,2.0,0.0,Chains of Uleros,32.0,0.0,0.0,1.0,0.0,0.0,1.0,0.0,0.0,1.0,0.0,0.0,0.0,0.0,0.0,0.0,"[{'value': 0.12, 'property': 0, 'specialTag': 0, 'tags': 0, 'type': 1, 'hideStatMod': 0}, {'value': 0.25, 'property': 91, 'specialTag': 0, 'tags': 0, 'type': 1, 'hideStatMod': 0}, {'value': 40, 'property': 27, 'specialTag': 0, 'tags': 0, 'type': 0, 'hideStatMod': 0}, {'value': -0.24, 'property': 71, 'specialTag': 0, 'tags': 0, 'type': 1, 'hideStatMod': 1}, {'value': 1, 'property': 90, 'specialTag': 0, 'tags': 0, 'type': 0, 'hideStatMod': 1}]","[{'description': '24% reduced duration of stuns on you', 'altText': None, 'setPart': 0, 'setItemRequirement': 0}, {'description': 'Your potions grant ward instead of health', 'altText': '100% of the health you would gain on potion use is gained as ward instead', 'setPart': 0, 'setItemRequirement': 0}]",Tether yourself to this mortal realm,IIwBhCYwNgdhYg.png,True
Boots,3,0.0,3,0,Leather Boots,0,0,0,0.0,1.0,0,0,1,,,,,,,,,,,,,,,,,,,,,,,,,,,,,,,,,,,,,,,,,
Boots,3,0.0,3,0,Refuge Boots,1,8,0,0.0,1.0,0,0,2,,,,,,,,,,,,,,,,3.0,4.0,3.0,0.0,Mourningfrost,8.0,0.0,0.0,1.0,0.0,0.0,2.0,0.0,0.0,1.0,0.0,0.0,0.0,0.0,0.0,0.0,"[{'value': -0.1, 'property': 7, 'specialTag': 0, 'tags': 0, 'type': 2, 'hideStatMod': 0}, {'value': 0.15, 'property': 9, 'specialTag': 0, 'tags': 0, 'type': 1, 'hideStatMod': 0}]","[{'description': '+1 cold damage to attacks and spells per point of dexterity', 'altText': None, 'setPart': 0, 'setItemRequirement': 0}, {'description': '1% increased damage taken per point of dexterity', 'altText': None, 'setPart': 0, 'setItemRequirement': 0}]","Spread ice with every step, like frost before sunrise",IIwBhGY2B2FiA.png,True
Boots,3,0.0,3,0,Iron Greaves,2,16,0,0.0,1.0,0,0,3,,,,,,,,,,,,,,,,3.0,4.0,3.0,0.0,Stormtide,16.0,0.0,0.0,1.0,0.0,0.0,3.0,1.0,24.0,1.0,0.0,0.0,0.0,0.0,0.0,0.0,"[{'value': 0.3, 'property': 9, 'specialTag': 0, 'tags': 0, 'type': 1, 'hideStatMod': 0}, {'value': 10.2, 'property': 1, 'specialTag': 5, 'tags': 2, 'type': 0, 'hideStatMod': 0}, {'value': 20.6, 'property': 43, 'specialTag': 5, 'tags': 0, 'type': 0, 'hideStatMod': 0}]","[{'description': 'You are shocked for 4 seconds when you stop moving', 'altText': '\nDoes not shock you if you are already shocked\nYour shock effectiveness does not apply to this shock', 'setPart': 0, 'setItemRequirement': 0}]","Rest was a sin among the messenger priests of Lagon, and these boots would punish the wearer accordingly.",IIwBhGYwJgdhYg.png,False
Boots,3,0.0,3,0,Outcast Boots,3,23,0,0.0,1.0,0,0,4,,,,,,,,,,,,,,,,,,,,,,,,,,,,,,,,,,,,,,,,,
Boots,3,0.0,3,0,Brigandine Boots,4,30,0,0.0,1.0,0,0,5,,,,,,,,,,,,,,,,3.0,4.0,3.0,0.0,Eterra's Path,30.0,0.0,0.0,1.0,0.0,0.0,5.0,0.0,0.0,1.0,0.0,0.0,0.0,0.0,0.0,0.0,"[{'value': 0.2, 'property': 9, 'specialTag': 0, 'tags': 0, 'type': 1, 'hideStatMod': 1}, {'value': 0.2, 'property': 9, 'specialTag': 0, 'tags': 8192, 'type': 1, 'hideStatMod': 1}, {'value': 0.8, 'property': 44, 'specialTag': 0, 'tags': 0, 'type': 0, 'hideStatMod': 1}, {'value': 0.8, 'property': 44, 'specialTag': 0, 'tags': 8192, 'type': 0, 'hideStatMod': 1}, {'value': 40, 'property': 7, 'specialTag': 0, 'tags': 0, 'type': 0, 'hideStatMod': 0}]","[{'description': 'You and your minions have 20% increased movement speed', 'altText': None, 'setPart': 0, 'setItemRequirement': 0}, {'description': 'You and your minions have 80% increased healing effectiveness', 'altText': None, 'setPart': 0, 'setItemRequirement': 0}, {'description': 'Every second if you are moving you have a 20% chance to cast summon vine or entangling roots', 'altText': None, 'setPart': 0, 'setItemRequirement': 0}]",Life grows in your footsteps,IIwBhGYwFgdhYg.png,True
Boots,3,0.0,3,0,Heoborean Boots,5,45,0,0.0,1.0,0,0,6,,,,,,,,,,,,,,,,,,,,,,,,,,,,,,,,,,,,,,,,,
Boots,3,0.0,3,0,Solarum Greaves,6,67,0,0.0,1.0,0,0,8,,,,,,,,,,,,,,,,,,,,,,,,,,,,,,,,,,,,,,,,,
Boots,3,0.0,3,0,Shrine Boots,8,58,0,0.0,1.0,0,0,7,,,,,,,,,,,,,,,,,,,,,,,,,,,,,,,,,,,,,,,,,
Boots,3,0.0,3,0,Arcane Boots,9,60,0,0.0,1.0,0,0,7,,,,,,,,,,,,,,,,,,,,,,,,,,,,,,,,,,,,,,,,,
Gloves,4,0.0,4,0,Leather Gloves,0,0,0,0.0,1.0,0,0,0,,,,,,,,,,,,,,,,4.0,4.0,4.0,0.0,Keeper's Gloves,0.0,0.0,0.0,1.0,0.0,0.0,0.0,0.0,0.0,1.0,0.0,0.0,0.0,0.0,0.0,0.0,"[{'value': 70, 'property': 28, 'specialTag': 0, 'tags': 0, 'type': 0, 'hideStatMod': 0}]","[{'description': '10% chance to summon a swarm of bees on melee hit (15 second cooldown)', 'altText': 'Bees are melee minions and their health scales with character level and attunement', 'setPart': 0, 'setItemRequirement': 0}]",,IIwBhBYxB2FiA.png,True
Gloves,4,0.0,4,0,Refuge Gloves,1,6,0,0.0,1.0,0,0,1,,,,,,,,,,,,,,,,4.0,4.0,4.0,0.0,Riverbend Grasp,6.0,0.0,0.0,1.0,0.0,0.0,1.0,0.0,0.0,1.0,0.0,0.0,0.0,0.0,0.0,0.0,"[{'value': 0.6, 'property': 0, 'specialTag': 0, 'tags': 1024, 'type': 1, 'hideStatMod': 0}, {'value': 40, 'property': 7, 'specialTag': 0, 'tags': 0, 'type': 0, 'hideStatMod': 0}, {'value': 1, 'property': 11, 'specialTag': 0, 'tags': 0, 'type': 1, 'hideStatMod': 0}]","[{'description': '15% chance to throw an axe at a nearby enemy on hit', 'altText': 'this effect has a 1 second cooldown. The damage of the axe scales off throwing damage, strength, and dexterity', 'setPart': 0, 'setItemRequirement': 0}]","Move with the fluidity of water, relax and you can react without resistance",IIwBhBY2B2FiA.png,True
Gloves,4,0.0,4,0,Iron Gauntlets,2,15,0,0.0,1.0,0,0,2,,,,,,,,,,,,,,,,4.0,4.0,4.0,0.0,Fighting Chance,15.0,0.0,0.0,1.0,0.0,0.0,2.0,0.0,0.0,1.0,0.0,0.0,0.0,0.0,0.0,0.0,"[{'value': 0.45, 'property': 0, 'specialTag': 0, 'tags': 512, 'type': 1, 'hideStatMod': 0}, {'value': 0.1, 'property': 6, 'specialTag': 0, 'tags': 0, 'type': 1, 'hideStatMod': 0}, {'value': 15, 'property': 38, 'specialTag': 3, 'tags': 0, 'type': 0, 'hideStatMod': 0}]",[],Fight for your life,IIwBhBYwJgdhYg.png,True
Gloves,4,0.0,4,0,Outcast Gloves,3,25,0,0.0,1.0,0,0,3,,,,,,,,,,,,,,,,4.0,4.0,4.0,0.0,Boulderfists,25.0,0.0,0.0,1.0,0.0,0.0,3.0,0.0,0.0,1.0,0.0,0.0,0.0,0.0,0.0,0.0,"[{'value': 10.6, 'property': 45, 'specialTag': 0, 'tags': 512, 'type': 0, 'hideStatMod': 0}, {'value': -1, 'property': 51, 'specialTag': 0, 'tags': 0, 'type': 2, 'hideStatMod': 1}, {'value': 160, 'property': 10, 'specialTag': 0, 'tags': 0, 'type': 0, 'hideStatMod': 0}, {'value': 60, 'property': 7, 'specialTag': 0, 'tags': 0, 'type': 0, 'hideStatMod': 0}]","[{'description': 'You cannot leech health', 'altText': None, 'setPart': 0, 'setItemRequirement': 0}]",Strike with the force of a mountain,IIwBhBYwZgdhYg.png,True
Gloves,4,0.0,4,0,Noble Gloves,4,31,0,0.0,1.0,0,0,4,,,,,,,,,,,,,,,,4.0,4.0,4.0,0.0,Isadora's Gravechill,31.0,0.0,0.0,1.0,0.0,0.0,4.0,0.0,0.0,1.0,1.0,0.0,0.0,0.0,1.0,0.0,"[{'value': 12, 'property': 0, 'specialTag': 0, 'tags': 516, 'type': 0, 'hideStatMod': 1}, {'value': 12, 'property': 0, 'specialTag': 0, 'tags': 260, 'type': 0, 'hideStatMod': 1}, {'value': 12, 'property': 0, 'specialTag': 0, 'tags': 1028, 'type': 0, 'hideStatMod': 1}, {'value': 12, 'property': 0, 'specialTag': 0, 'tags': 2052, 'type': 0, 'hideStatMod': 1}, {'value': 20, 'property': 7, 'specialTag': 0, 'tags': 0, 'type': 0, 'hideStatMod': 0}]","[{'description': '+12 cold damage with spells and attacks', 'altText': None, 'setPart': 0, 'setItemRequirement': 0}, {'description': '+100% chance to chill with necrotic abilities if you have killed an enemy in the last 5 seconds', 'altText': 'recently refers to the past 4 seconds', 'setPart': 0, 'setItemRequirement': 0}, {'description': '80% increased necrotic damage if you have been hit recently', 'altText': None, 'setPart': 1, 'setItemRequirement': 2}, {'description': '+30% mana efficiency with necrotic abilities', 'altText': None, 'setPart': 1, 'setItemRequirement': 3}]","'""...yet her strength was not blood, but of bone...""'",IIwBhBY3AOFiA.png,True
Gloves,4,0.0,4,0,Engraved Gauntlets,5,45,0,0.0,1.0,0,0,6,,,,,,,,,,,,,,,,4.0,4.0,4.0,0.0,Wing Guards,45.0,0.0,0.0,1.0,0.0,0.0,6.0,0.0,0.0,1.0,0.0,0.0,0.0,0.0,0.0,0.0,"[{'value': 150, 'property': 11, 'specialTag': 0, 'tags': 0, 'type': 0, 'hideStatMod': 0}, {'value': 0.35, 'property': 2, 'specialTag': 0, 'tags': 512, 'type': 1, 'hideStatMod': 0}, {'value': -1, 'property': 4, 'specialTag': 0, 'tags': 0, 'type': 2, 'hideStatMod': 1}, {'value': 0.05, 'property': 50, 'specialTag': 0, 'tags': 0, 'type': 0, 'hideStatMod': 0}]","[{'description': 'You cannot deal critical strikes', 'altText': None, 'setPart': 0, 'setItemRequirement': 0}]",Speed is its own accuracy,IIwBhBYwVgdhYg.png,True
Gloves,4,0.0,4,0,Solarum Bracers,6,62,0,0.0,1.0,0,0,7,,,,,,,,,,,,,,,,,,,,,,,,,,,,,,,,,,,,,,,,,
Gloves,4,0.0,4,0,Crusader Gauntlets,7,64,0,0.0,1.0,0,0,8,,,,,,,,,,,,,,,,,,,,,,,,,,,,,,,,,,,,,,,,,
Gloves,4,0.0,4,0,Gluttonous Gloves,8,91,0,0.0,1.0,0,0,8,,,,,,,,,,,,,,,,,,,,,,,,,,,,,,,,,,,,,,,,,
1H Axes,5,0.75,5,1,Hatchet,0,0,0,-0.1,10.05,0,0,0,,,,,,,,,,,,,,,,,,,,,,,,,,,,,,,,,,,,,,,,,
1H Axes,5,0.75,5,1,Pickaxe,1,6,0,0.0,0.98,0,0,0,,,,,,,,,,,,,,,,5.0,4.0,5.0,1.0,Beast King,6.0,0.0,0.0,0.98,0.0,0.0,0.0,0.0,0.0,1.0,0.0,0.0,0.0,0.0,0.0,0.0,"[{'value': 15, 'property': 0, 'specialTag': 0, 'tags': 513, 'type': 0, 'hideStatMod': 0}, {'value': 0.1, 'property': 2, 'specialTag': 0, 'tags': 512, 'type': 1, 'hideStatMod': 0}, {'value': 0.5, 'property': 7, 'specialTag': 0, 'tags': 8192, 'type': 1, 'hideStatMod': 0}]","[{'description': '8% less damage taken if your minions have killed recently', 'altText': 'Recently means in the past 4 seconds\nmultiplicative with other modifiers', 'setPart': 0, 'setItemRequirement': 0}, {'description': 'minions take 25% less damage if you have killed recently', 'altText': 'multiplicative with other modifiers', 'setPart': 0, 'setItemRequirement': 0}]",The King of Beasts leads the charge,IIwBhFY2B2FiA.png,True
1H Axes,5,0.75,5,1,Rusted Cleaver,2,12,0,0.0,10.05,0,0,0,,,,,,,,,,,,,,,,5.0,4.0,5.0,1.0,Beast King,12.0,0.0,0.0,10.05,0.0,0.0,0.0,0.0,0.0,1.0,0.0,0.0,0.0,0.0,0.0,0.0,"[{'value': 15, 'property': 0, 'specialTag': 0, 'tags': 513, 'type': 0, 'hideStatMod': 0}, {'value': 0.1, 'property': 2, 'specialTag': 0, 'tags': 512, 'type': 1, 'hideStatMod': 0}, {'value': 0.5, 'property': 7, 'specialTag': 0, 'tags': 8192, 'type': 1, 'hideStatMod': 0}]","[{'description': '8% less damage taken if your minions have killed recently', 'altText': 'Recently means in the past 4 seconds\nmultiplicative with other modifiers', 'setPart': 0, 'setItemRequirement': 0}, {'description': 'minions take 25% less damage if you have killed recently', 'altText': 'multiplicative with other modifiers', 'setPart': 0, 'setItemRequirement': 0}]",The King of Beasts leads the charge,IIwBhFYwJgdhYg.png,True
1H Axes,5,0.75,5,1,Battle Axe,3,24,0,0.0,10.05,0,0,0,,,,,,,,,,,,,,,,5.0,4.0,5.0,1.0,Taste of Blood,24.0,0.0,0.0,10.05,0.0,0.0,0.0,0.0,0.0,1.0,0.0,0.0,0.0,0.0,0.0,0.0,"[{'value': 20, 'property': 0, 'specialTag': 0, 'tags': 513, 'type': 0, 'hideStatMod': 0}, {'value': 15, 'property': 38, 'specialTag': 3, 'tags': 0, 'type': 0, 'hideStatMod': 0}, {'value': 0.5, 'property': 1, 'specialTag': 2, 'tags': 512, 'type': 0, 'hideStatMod': 0}]","[{'description': 'When you hit a bleeding enemy with a melee attack all bleed stacks on that enemy double in speed', 'altText': ""When a bleed stack's speed is double its duration is halved and its damage per second is doubled"", 'setPart': 0, 'setItemRequirement': 0}]",A bloody fervor clouds the mind,IIwBhFYwZgdhYg.png,True
1H Axes,5,0.75,5,1,Sickle,4,35,0,0.0,10.09,0,0,0,,,,,,,,,,,,,,,,,,,,,,,,,,,,,,,,,,,,,,,,,
1H Axes,5,0.75,5,1,Wengari Axe,5,46,0,0.0,10.09,0,0,0,,,,,,,,,,,,,,,,5.0,4.0,5.0,1.0,Undisputed,46.0,0.0,0.0,10.09,0.0,0.0,0.0,0.0,0.0,1.0,0.0,0.5,0.0,0.0,0.0,0.0,"[{'value': 50, 'property': 0, 'specialTag': 0, 'tags': 513, 'type': 0, 'hideStatMod': 0}, {'value': 0.2, 'property': 2, 'specialTag': 0, 'tags': 512, 'type': 1, 'hideStatMod': 0}, {'value': 1, 'property': 93, 'specialTag': 0, 'tags': 0, 'type': 0, 'hideStatMod': 0}]","[{'description': '10% increased physical damage for each recent melee hit against a bleeding enemy (up to 200%)', 'altText': 'Recent means in the past 4 seconds', 'setPart': 0, 'setItemRequirement': 0}]",,IIwBhFY3B2FiA.png,True
1H Axes,5,0.75,5,1,Crescent Axe,6,51,0,0.0,10.05,0,0,0,,,,,,,,,,,,,,,,5.0,4.0,5.0,1.0,Tempest Maw,51.0,0.0,0.0,10.05,0.0,0.0,0.0,0.0,0.0,1.0,0.0,0.0,0.0,0.0,0.0,0.0,"[{'value': 17, 'property': 0, 'specialTag': 0, 'tags': 514, 'type': 0, 'hideStatMod': 0}, {'value': 0.75, 'property': 41, 'specialTag': 0, 'tags': 0, 'type': 0, 'hideStatMod': 0}, {'value': -4, 'property': 66, 'specialTag': 0, 'tags': 16384, 'type': 0, 'hideStatMod': 0}, {'value': 4, 'property': 23, 'specialTag': 0, 'tags': 0, 'type': 0, 'hideStatMod': 1}, {'value': 4, 'property': 19, 'specialTag': 0, 'tags': 0, 'type': 0, 'hideStatMod': 1}]","[{'description': '+4 Strength and Attunement', 'altText': None, 'setPart': 0, 'setItemRequirement': 0}, {'description': 'When you summon a totem you also summon 4 Storm Sprites around the totem (15 second cooldown)', 'altText': 'Storm Sprites are minions that cast lightning spells', 'setPart': 0, 'setItemRequirement': 0}]",A last sign of favour bestowed to those doomed to fight for Lagon's amusement in his sunken arena,IIwBhFYwNgdhYg.png,True
1H Axes,5,0.75,5,1,Chitin Claw,7,59,0,-0.1,10.05,0,0,0,,,,,,,,,,,,,,,,,,,,,,,,,,,,,,,,,,,,,,,,,
1H Axes,5,0.75,5,1,Eagle Wing,8,63,0,0.0,10.05,0,0,0,,,,,,,,,,,,,,,,,,,,,,,,,,,,,,,,,,,,,,,,,
1H Axes,5,0.75,5,1,Soul Harvester,9,66,0,0.0,10.09,0,0,0,,,,,,,,,,,,,,,,,,,,,,,,,,,,,,,,,,,,,,,,,
1H Axes,5,0.75,5,1,Shadow Cleaver,10,71,0,0.0,0.98,0,0,0,,,,,,,,,,,,,,,,,,,,,,,,,,,,,,,,,,,,,,,,,
1H Axes,5,0.75,5,1,Dragonbone Axe,11,80,0,0.0,10.05,0,0,0,,,,,,,,,,,,,,,,,,,,,,,,,,,,,,,,,,,,,,,,,
1H Dagger,6,0.75,6,1,Poignard,0,0,0,-0.1,10.14,0,0,0,,,,,,,,,,,,,,,,,,,,,,,,,,,,,,,,,,,,,,,,,
1H Dagger,6,0.75,6,1,Sacrificial Knife,1,12,0,0.0,10.14,0,0,0,,,,,,,,,,,,,,,,,,,,,,,,,,,,,,,,,,,,,,,,,
1H Dagger,6,0.75,6,1,Bone Dagger,2,25,0,0.0,10.14,0,0,0,,,,,,,,,,,,,,,,,,,,,,,,,,,,,,,,,,,,,,,,,
1H Dagger,6,0.75,6,1,Kris,3,27,0,0.0,10.1,0,0,0,,,,,,,,,,,,,,,,,,,,,,,,,,,,,,,,,,,,,,,,,
1H Dagger,6,0.75,6,1,Hunting Knife,4,44,0,0.0,10.14,0,0,0,,,,,,,,,,,,,,,,,,,,,,,,,,,,,,,,,,,,,,,,,
1H Dagger,6,0.75,6,1,Moon Dagger,5,51,0,0.0,10.14,0,0,0,,,,,,,,,,,,,,,,,,,,,,,,,,,,,,,,,,,,,,,,,
1H Dagger,6,0.75,6,1,Majasan Dagger,6,55,0,0.0,10.14,0,0,0,,,,,,,,,,,,,,,,,,,,,,,,,,,,,,,,,,,,,,,,,
1H Dagger,6,0.75,6,1,Rune Dagger,7,61,0,0.0,10.14,0,0,0,,,,,,,,,,,,,,,,,,,,,,,,,,,,,,,,,,,,,,,,,
1H Dagger,6,0.75,6,1,Sai,8,65,0,0.0,10.18,0,0,0,,,,,,,,,,,,,,,,,,,,,,,,,,,,,,,,,,,,,,,,,
1H Dagger,6,0.75,6,1,Chitin Dagger,9,68,0,0.0,10.14,0,0,0,,,,,,,,,,,,,,,,,,,,,,,,,,,,,,,,,,,,,,,,,
1H Dagger,6,0.75,6,1,Obsidian Dagger,10,71,0,0.0,10.1,0,0,0,,,,,,,,,,,,,,,,,,,,,,,,,,,,,,,,,,,,,,,,,
1H Maces,7,0.75,7,1,Club,0,0,0,0.0,0.98,0,0,0,,,,,,,,,,,,,,,,,,,,,,,,,,,,,,,,,,,,,,,,,
1H Maces,7,0.75,7,1,Iron Hammer,1,8,0,0.0,0.98,0,0,0,,,,,,,,,,,,,,,,,,,,,,,,,,,,,,,,,,,,,,,,,
1H Maces,7,0.75,7,1,Flanged Mace,2,18,0,0.0,0.98,0,0,0,,,,,,,,,,,,,,,,,,,,,,,,,,,,,,,,,,,,,,,,,
1H Maces,7,0.75,7,1,Morning Star,3,29,0,0.0,0.98,0,0,0,,,,,,,,,,,,,,,,,,,,,,,,,,,,,,,,,,,,,,,,,
1H Maces,7,0.75,7,1,Pick Hammer,4,37,0,0.1,0.94,0,0,0,,,,,,,,,,,,,,,,,,,,,,,,,,,,,,,,,,,,,,,,,
1H Maces,7,0.75,7,1,Ebertusk Club,5,45,0,0.0,0.98,0,0,0,,,,,,,,,,,,,,,,,,,,,,,,,,,,,,,,,,,,,,,,,
1H Maces,7,0.75,7,1,Urchin Star,6,50,0,0.0,0.98,0,0,0,,,,,,,,,,,,,,,,,,,,,,,,,,,,,,,,,,,,,,,,,
1H Maces,7,0.75,7,1,Serpent Mace,7,54,0,0.0,0.98,0,0,0,,,,,,,,,,,,,,,,,,,,,,,,,,,,,,,,,,,,,,,,,
1H Maces,7,0.75,7,1,Solarum Hammer,8,62,0,0.0,0.98,0,0,0,,,,,,,,,,,,,,,,,,,,,,,,,,,,,,,,,,,,,,,,,
1H Maces,7,0.75,7,1,Doom Star,9,70,0,0.0,0.98,0,0,0,,,,,,,,,,,,,,,,,,,,,,,,,,,,,,,,,,,,,,,,,
1H Maces,7,0.75,7,1,Rune Hammer,10,78,0,0.0,0.94,0,0,0,,,,,,,,,,,,,,,,,,,,,,,,,,,,,,,,,,,,,,,,,
1H Scepter,8,0.75,8,1,Brass Sceptre,0,0,0,0.0,0.98,0,0,0,,,,,,,,,,,,,,,,,,,,,,,,,,,,,,,,,,,,,,,,,
1H Scepter,8,0.75,8,1,Ice Sceptre,1,43,0,0.0,0.98,0,0,0,,,,,,,,,,,,,,,,,,,,,,,,,,,,,,,,,,,,,,,,,
1H Scepter,8,0.75,8,1,Ornate Sceptre,2,35,0,0.0,0.98,0,0,0,,,,,,,,,,,,,,,,,,,,,,,,,,,,,,,,,,,,,,,,,
1H Scepter,8,0.75,8,1,Cultist Sceptre,3,11,0,0.0,0.98,0,0,0,,,,,,,,,,,,,,,,,,,,,,,,,,,,,,,,,,,,,,,,,
1H Scepter,8,0.75,8,1,Oak Sceptre,4,21,0,0.0,0.98,0,0,0,,,,,,,,,,,,,,,,,,,,,,,,,,,,,,,,,,,,,,,,,
1H Scepter,8,0.75,8,1,Auric Sceptre,5,52,0,0.0,0.98,0,0,0,,,,,,,,,,,,,,,,8.0,4.0,8.0,1.0,Culnivar's Claim,52.0,0.0,0.0,0.98,0.0,0.0,0.0,1.0,50.0,1.0,0.0,0.0,0.0,0.0,0.0,0.0,"[{'value': 0.9, 'property': 0, 'specialTag': 0, 'tags': 258, 'type': 1, 'hideStatMod': 0}, {'value': 0.9, 'property': 4, 'specialTag': 0, 'tags': 258, 'type': 1, 'hideStatMod': 0}, {'value': 0.1, 'property': 18, 'specialTag': 0, 'tags': 0, 'type': 1, 'hideStatMod': 0}]","[{'description': '100% of mana converted to ward when you reach full mana', 'altText': None, 'setPart': 0, 'setItemRequirement': 0}]","Culnivar, last scion of Liath, was a symbol of hope for the living slaves of Thetima.",IIwBhA4wVgdhYg.png,False
1H Scepter,8,0.75,8,1,Argent Sceptre,6,63,0,0.0,0.98,0,0,0,,,,,,,,,,,,,,,,,,,,,,,,,,,,,,,,,,,,,,,,,
1H Scepter,8,0.75,8,1,Obsidian Sceptre,8,75,0,0.0,0.98,0,0,0,,,,,,,,,,,,,,,,,,,,,,,,,,,,,,,,,,,,,,,,,
1H Scepter,8,0.75,8,1,Skeletal Sceptre,9,67,0,0.0,0.98,0,0,0,,,,,,,,,,,,,,,,,,,,,,,,,,,,,,,,,,,,,,,,,
1H Swords,9,0.75,9,1,Broken Sword,0,5,0,0.0,10.1,0,0,0,,,,,,,,,,,,,,,,9.0,4.0,9.0,1.0,Humming Bee,5.0,0.0,0.0,10.1,0.0,0.0,0.0,0.0,0.0,1.0,0.0,0.0,0.0,0.0,0.0,0.0,"[{'value': 0.2, 'property': 2, 'specialTag': 0, 'tags': 512, 'type': 1, 'hideStatMod': 0}, {'value': 3, 'property': 39, 'specialTag': 7, 'tags': 0, 'type': 0, 'hideStatMod': 0}]","[{'description': '1% increased elemental damage per 250 ward', 'altText': None, 'setPart': 0, 'setItemRequirement': 0}, {'description': '1% increased movement speed per 250 ward', 'altText': None, 'setPart': 0, 'setItemRequirement': 0}]",Bzzzzzzzzzz,IIwBhE4xB2FiA.png,True
1H Swords,9,0.75,9,1,Broadsword,1,20,0,0.0,10.16,0,0,0,,,,,,,,,,,,,,,,,,,,,,,,,,,,,,,,,,,,,,,,,
1H Swords,9,0.75,9,1,Rust Blade,2,39,0,0.0,10.2,0,0,0,,,,,,,,,,,,,,,,9.0,4.0,9.0,1.0,Eye of Reen,39.0,0.0,0.0,10.2,0.0,0.0,0.0,0.0,0.0,1.0,0.0,0.0,0.0,0.0,0.0,0.0,"[{'value': 25, 'property': 0, 'specialTag': 0, 'tags': 520, 'type': 0, 'hideStatMod': 0}, {'value': 1, 'property': 1, 'specialTag': 1, 'tags': 512, 'type': 0, 'hideStatMod': 0}]","[{'description': ""Gain a stack of Reen's Ire for 5 seconds on melee crit"", 'altText': None, 'setPart': 0, 'setItemRequirement': 0}, {'description': ""Each stack of Reen's Ire grants 5% additional critical strike multiplier and 5% increased fire damage over time"", 'altText': None, 'setPart': 0, 'setItemRequirement': 0}]",Dance through the flames,IIwBhE4wJgdhYg.png,True
1H Swords,9,0.75,9,1,Gladius,3,0,0,0.0,10.12,0,0,0,,,,,,,,,,,,,,,,,,,,,,,,,,,,,,,,,,,,,,,,,
1H Swords,9,0.75,9,1,Cultist Blade,4,15,0,0.0,10.2,0,0,0,,,,,,,,,,,,,,,,9.0,4.0,9.0,1.0,Rainbow Edge,15.0,0.0,0.0,10.2,0.0,0.0,0.0,1.0,30.0,1.0,0.0,0.0,0.0,0.0,0.0,0.0,"[{'value': 0.25, 'property': 5, 'specialTag': 0, 'tags': 0, 'type': 0, 'hideStatMod': 0}, {'value': 7, 'property': 0, 'specialTag': 0, 'tags': 514, 'type': 0, 'hideStatMod': 0}, {'value': 7, 'property': 0, 'specialTag': 0, 'tags': 520, 'type': 0, 'hideStatMod': 0}, {'value': 7, 'property': 0, 'specialTag': 0, 'tags': 516, 'type': 0, 'hideStatMod': 0}, {'value': 0.25, 'property': 1, 'specialTag': 1, 'tags': 512, 'type': 0, 'hideStatMod': 1}, {'value': 0.25, 'property': 1, 'specialTag': 3, 'tags': 512, 'type': 0, 'hideStatMod': 1}, {'value': 0.25, 'property': 1, 'specialTag': 5, 'tags': 512, 'type': 0, 'hideStatMod': 1}]","[{'description': '+25% chance to shock ignite and chill on melee hit', 'altText': None, 'setPart': 0, 'setItemRequirement': 0}]",,IIwBhE4wFgdhYg.png,False
1H Swords,9,0.75,9,1,Falchion,5,30,0,0.0,10.2,0,0,0,,,,,,,,,,,,,,,,,,,,,,,,,,,,,,,,,,,,,,,,,
1H Swords,9,0.75,9,1,Longsword,6,50,0,0.3,10.08,0,0,0,,,,,,,,,,,,,,,,,,,,,,,,,,,,,,,,,,,,,,,,,
1H Swords,9,0.75,9,1,Nagasa Scymitar,7,54,0,0.0,10.24,0,0,0,,,,,,,,,,,,,,,,,,,,,,,,,,,,,,,,,,,,,,,,,
1H Swords,9,0.75,9,1,Crystal Sword,8,64,0,0.0,10.16,0,0,0,,,,,,,,,,,,,,,,,,,,,,,,,,,,,,,,,,,,,,,,,
1H Swords,9,0.75,9,1,Katana,9,70,0,0.1,10.2,0,0,0,,,,,,,,,,,,,,,,,,,,,,,,,,,,,,,,,,,,,,,,,
1H Swords,9,0.75,9,1,Dawn Blade,10,75,0,0.0,10.2,0,0,0,,,,,,,,,,,,,,,,,,,,,,,,,,,,,,,,,,,,,,,,,
Wands,10,0.75,10,1,Coral Wand,0,51,0,-0.2,10.02,0,0,0,,,,,,,,,,,,,,,,10.0,4.0,10.0,1.0,Cinder Song,51.0,0.0,-0.2,10.02,0.0,0.0,0.0,1.0,40.0,1.0,0.0,0.5,0.0,0.0,0.0,0.0,"[{'value': -3, 'property': 66, 'specialTag': 0, 'tags': 264, 'type': 0, 'hideStatMod': 1}, {'value': 0.1, 'property': 1, 'specialTag': 24, 'tags': 0, 'type': 0, 'hideStatMod': 1}, {'value': 10.3, 'property': 0, 'specialTag': 0, 'tags': 8, 'type': 1, 'hideStatMod': 0}]","[{'description': '10% chance to inflict Spreading Flames on Hit', 'altText': 'Spreading flames deals fire damage over time and spreads between enemies. It does not stack.', 'setPart': 0, 'setItemRequirement': 0}, {'description': '-3 Mana Cost for Fire Spells', 'altText': None, 'setPart': 0, 'setItemRequirement': 0}, {'description': 'Fireball has 2 additional projectiles', 'altText': 'This is affected by the additional projectiles penalty on the Embers node', 'setPart': 0, 'setItemRequirement': 0}]",An ode to fires past,IIwBlIh2Mg.png,False
Wands,10,0.75,10,1,Rowan Wand,1,0,0,-0.2,10.02,0,0,0,,,,,,,,,,,,,,,,10.0,4.0,10.0,1.0,Alchemist's Ladle,0.0,0.0,-0.2,10.02,0.0,0.0,0.0,0.0,0.0,1.0,0.0,0.5,0.0,0.0,0.0,0.0,"[{'value': 0.15, 'property': 1, 'specialTag': 1, 'tags': 512, 'type': 0, 'hideStatMod': 1}, {'value': 0.15, 'property': 1, 'specialTag': 2, 'tags': 512, 'type': 0, 'hideStatMod': 1}, {'value': 0.15, 'property': 1, 'specialTag': 3, 'tags': 512, 'type': 0, 'hideStatMod': 1}, {'value': 0.15, 'property': 1, 'specialTag': 5, 'tags': 512, 'type': 0, 'hideStatMod': 1}, {'value': 0.15, 'property': 1, 'specialTag': 6, 'tags': 512, 'type': 0, 'hideStatMod': 1}, {'value': 0.15, 'property': 1, 'specialTag': 7, 'tags': 512, 'type': 0, 'hideStatMod': 1}, {'value': 0.15, 'property': 1, 'specialTag': 14, 'tags': 512, 'type': 0, 'hideStatMod': 1}]","[{'description': '15% chance to ignite, chill, shock, bleed, slow, poison, and blind on melee hit', 'altText': None, 'setPart': 0, 'setItemRequirement': 0}]","infused with countless potions, it's effects are unpredictable",IIwBlLB2Mg.png,True
Wands,10,0.75,10,1,Archive Wand,2,5,0,-0.2,10.02,0,0,0,,,,,,,,,,,,,,,,10.0,4.0,10.0,1.0,Reach of the Grave,5.0,0.0,-0.2,10.02,0.0,0.0,0.0,0.0,0.0,1.0,0.0,0.0,0.0,0.0,0.0,0.0,"[{'value': 1, 'property': 0, 'specialTag': 0, 'tags': 10240, 'type': 1, 'hideStatMod': 1}, {'value': 1, 'property': 0, 'specialTag': 0, 'tags': 8448, 'type': 1, 'hideStatMod': 1}, {'value': 1, 'property': 51, 'specialTag': 0, 'tags': 10240, 'type': 0, 'hideStatMod': 1}, {'value': 1, 'property': 51, 'specialTag': 0, 'tags': 8448, 'type': 0, 'hideStatMod': 1}]","[{'description': ""Your minions' spells and bow attacks deal 100% increased damage"", 'altText': None, 'setPart': 0, 'setItemRequirement': 0}, {'description': 'Your minions leech 10% of damage dealt by their spells and bow attacks as health', 'altText': None, 'setPart': 0, 'setItemRequirement': 0}]",The touch of death reaches far beyond the grave,IIwBlJAmB2Mg.png,True
Wands,10,0.75,10,1,Ornate Wand,3,55,0,-0.2,10.02,0,0,0,,,,,,,,,,,,,,,,,,,,,,,,,,,,,,,,,,,,,,,,,
Wands,10,0.75,10,1,Spriggan Branch,4,47,0,-0.2,10.02,0,0,0,,,,,,,,,,,,,,,,,,,,,,,,,,,,,,,,,,,,,,,,,
Wands,10,0.75,10,1,Ritual Stake,5,14,0,-0.2,10.02,0,0,0,,,,,,,,,,,,,,,,,,,,,,,,,,,,,,,,,,,,,,,,,
Wands,10,0.75,10,1,Ivory Wand,6,31,0,-0.2,10.02,0,0,0,,,,,,,,,,,,,,,,,,,,,,,,,,,,,,,,,,,,,,,,,
Wands,10,0.75,10,1,Birch Wand,7,20,0,-0.2,10.02,0,0,0,,,,,,,,,,,,,,,,,,,,,,,,,,,,,,,,,,,,,,,,,
Wands,10,0.75,10,1,Profane Wand,8,67,0,-0.2,10.02,0,0,0,,,,,,,,,,,,,,,,,,,,,,,,,,,,,,,,,,,,,,,,,
Wands,10,0.75,10,1,Crystal Wand,9,60,0,-0.2,10.02,0,0,0,,,,,,,,,,,,,,,,,,,,,,,,,,,,,,,,,,,,,,,,,
Wands,10,0.75,10,1,Dragonhorn Wand,10,77,0,-0.2,10.02,0,0,0,,,,,,,,,,,,,,,,,,,,,,,,,,,,,,,,,,,,,,,,,
2H Axes,12,20.2,12,1,Forestry Axe,0,0,0,0.5,0.92,0,0,0,,,,,,,,,,,,,,,,,,,,,,,,,,,,,,,,,,,,,,,,,
2H Axes,12,20.2,12,1,Refuge Axe,1,5,0,0.5,0.95,0,0,0,,,,,,,,,,,,,,,,,,,,,,,,,,,,,,,,,,,,,,,,,
2H Axes,12,20.2,12,1,Cultist Chopper,2,14,0,0.5,0.92,0,0,0,,,,,,,,,,,,,,,,,,,,,,,,,,,,,,,,,,,,,,,,,
2H Axes,12,20.2,12,1,Bearded Axe,3,21,0,0.5,0.95,0,0,0,,,,,,,,,,,,,,,,,,,,,,,,,,,,,,,,,,,,,,,,,
2H Axes,12,20.2,12,1,Imperial Halberd,4,33,0,0.9,0.89,0,0,0,,,,,,,,,,,,,,,,,,,,,,,,,,,,,,,,,,,,,,,,,
2H Axes,12,20.2,12,1,Ice Axe,5,47,0,0.5,0.95,0,0,0,,,,,,,,,,,,,,,,,,,,,,,,,,,,,,,,,,,,,,,,,
2H Axes,12,20.2,12,1,Great Axe,6,54,0,0.5,0.95,0,0,0,,,,,,,,,,,,,,,,,,,,,,,,,,,,,,,,,,,,,,,,,
2H Axes,12,20.2,12,1,Jade Cleaver,7,62,0,0.5,0.95,0,0,0,,,,,,,,,,,,,,,,12.0,4.0,12.0,1.0,Bone Harvester,62.0,0.0,0.5,0.95,0.0,0.0,0.0,0.0,24.0,1.0,0.0,0.0,0.0,0.0,0.0,0.0,"[{'value': 45, 'property': 0, 'specialTag': 0, 'tags': 544, 'type': 0, 'hideStatMod': 0}, {'value': 9, 'property': 21, 'specialTag': 0, 'tags': 0, 'type': 0, 'hideStatMod': 0}]","[{'description': '20% chance to summon a skeleton harvester for 15 seconds on kill', 'altText': 'Skeleton harvesters have 100 base health and gain 10 health per level and per point of intelligence. Skeleton harvesters gain 4% increased damage per point of intelligence.', 'setPart': 0, 'setItemRequirement': 0}]",Some kill without a purpose. Acolytes kill for the harvest.,IIwBmCYRB2ayA.png,True
2H Axes,12,20.2,12,1,Obsidian Axe,8,64,0,0.5,0.92,0,0,0,,,,,,,,,,,,,,,,,,,,,,,,,,,,,,,,,,,,,,,,,
2H Axes,12,20.2,12,1,Bone Scythe,9,66,0,0.7,0.92,0,0,0,,,,,,,,,,,,,,,,,,,,,,,,,,,,,,,,,,,,,,,,,
2H Axes,12,20.2,12,1,Bardiche,10,71,0,0.9,0.89,0,0,0,,,,,,,,,,,,,,,,,,,,,,,,,,,,,,,,,,,,,,,,,
2H Axes,12,20.2,12,1,Radiant Axe,11,76,0,0.5,0.95,0,0,0,,,,,,,,,,,,,,,,,,,,,,,,,,,,,,,,,,,,,,,,,
2H Maces,13,20.2,13,1,Great Mace,0,0,0,0.5,0.9,0,0,0,,,,,,,,,,,,,,,,,,,,,,,,,,,,,,,,,,,,,,,,,
2H Maces,13,20.2,13,1,Spiked Great Club,1,7,0,0.5,0.9,0,0,0,,,,,,,,,,,,,,,,13.0,4.0,13.0,1.0,Hammer of Lorent,7.0,0.0,0.5,0.9,0.0,0.0,0.0,0.0,0.0,1.0,0.0,0.0,0.0,0.0,0.0,0.0,"[{'value': 0.2, 'property': 1, 'specialTag': 3, 'tags': 0, 'type': 0, 'hideStatMod': 0}]","[{'description': '+1 melee physical damage per level', 'altText': None, 'setPart': 0, 'setItemRequirement': 0}, {'description': '+1% melee stun chance per level', 'altText': None, 'setPart': 0, 'setItemRequirement': 0}]","Lorent may be gone, but its memory will remain with you as you grow.",IIwBmGYTB2Mg.png,True
2H Maces,13,20.2,13,1,Maul,2,19,0,0.5,0.9,0,0,0,,,,,,,,,,,,,,,,,,,,,,,,,,,,,,,,,,,,,,,,,
2H Maces,13,20.2,13,1,Spiked Maul,3,28,0,0.5,0.9,0,0,0,,,,,,,,,,,,,,,,,,,,,,,,,,,,,,,,,,,,,,,,,
2H Maces,13,20.2,13,1,Giant Club,4,39,0,0.6,0.86,0,0,0,,,,,,,,,,,,,,,,13.0,4.0,13.0,1.0,Torch Of The Pontifex,39.0,0.0,0.6,0.86,0.0,0.0,0.0,0.0,0.0,1.0,0.0,0.0,0.0,0.0,0.0,0.0,"[{'value': 13, 'property': 0, 'specialTag': 0, 'tags': 288, 'type': 0, 'hideStatMod': 0}, {'value': 10.3, 'property': 1, 'specialTag': 1, 'tags': 0, 'type': 0, 'hideStatMod': 0}, {'value': 10.3, 'property': 0, 'specialTag': 0, 'tags': 4104, 'type': 1, 'hideStatMod': 0}, {'value': 0.13, 'property': 6, 'specialTag': 0, 'tags': 8, 'type': 1, 'hideStatMod': 0}]","[{'description': 'You cremate enemies you kill, burning enemies around them', 'altText': None, 'setPart': 0, 'setItemRequirement': 0}, {'description': 'You have a 10% chance to summon a burning skeleton for 10 seconds when you cremate an enemy', 'altText': None, 'setPart': 0, 'setItemRequirement': 0}]","Pontifex Yulia, High Priest of the Immortal Empire, would sacrifice entire villages and raise burning soldiers from the ashes.",IIwBmGYRAWB2Mg.png,True
2H Maces,13,20.2,13,1,Great Hammer,5,52,0,0.5,0.9,0,0,0,,,,,,,,,,,,,,,,13.0,4.0,13.0,1.0,Storm Breaker,52.0,0.0,0.5,0.9,0.0,0.0,0.0,0.0,0.0,1.0,0.0,0.0,0.0,0.0,0.0,0.0,"[{'value': 30, 'property': 0, 'specialTag': 0, 'tags': 514, 'type': 0, 'hideStatMod': 0}, {'value': 0.3, 'property': 34, 'specialTag': 0, 'tags': 1, 'type': 0, 'hideStatMod': 0}, {'value': 10.5, 'property': 51, 'specialTag': 0, 'tags': 2, 'type': 0, 'hideStatMod': 0}, {'value': 150, 'property': 15, 'specialTag': 0, 'tags': 0, 'type': 0, 'hideStatMod': 1}, {'value': 10.5, 'property': 15, 'specialTag': 0, 'tags': 0, 'type': 1, 'hideStatMod': 1}]","[{'description': '+150 Lightning Protection', 'altText': None, 'setPart': 0, 'setItemRequirement': 0}, {'description': '150% Increased Lightning Protection', 'altText': None, 'setPart': 0, 'setItemRequirement': 0}]",Strike with the power of the storm,IIwBmGYRBWB2Mg.png,True
2H Maces,13,20.2,13,1,Titan Femur,6,58,0,0.5,0.88,0,0,0,,,,,,,,,,,,,,,,,,,,,,,,,,,,,,,,,,,,,,,,,
2H Maces,13,20.2,13,1,Terror Mace,7,66,0,0.5,0.9,0,0,0,,,,,,,,,,,,,,,,,,,,,,,,,,,,,,,,,,,,,,,,,
2H Maces,13,20.2,13,1,Lucerne,8,74,0,0.9,0.86,0,0,0,,,,,,,,,,,,,,,,,,,,,,,,,,,,,,,,,,,,,,,,,
2H Maces,13,20.2,13,1,Eber Head,9,78,0,0.5,0.86,0,0,0,,,,,,,,,,,,,,,,,,,,,,,,,,,,,,,,,,,,,,,,,
2H Polearm,14,20.2,14,1,Pike,0,6,0,10.1,0.94,0,0,0,,,,,,,,,,,,,,,,,,,,,,,,,,,,,,,,,,,,,,,,,
2H Polearm,14,20.2,14,1,Short Spear,1,0,0,10.1,0.98,0,0,0,,,,,,,,,,,,,,,,,,,,,,,,,,,,,,,,,,,,,,,,,
2H Polearm,14,20.2,14,1,Ice Spear,2,46,0,10.1,0.98,0,0,0,,,,,,,,,,,,,,,,,,,,,,,,,,,,,,,,,,,,,,,,,
2H Polearm,14,20.2,14,1,Impaler,3,16,0,10.1,0.94,0,0,0,,,,,,,,,,,,,,,,,,,,,,,,,,,,,,,,,,,,,,,,,
2H Polearm,14,20.2,14,1,Trident,4,51,0,10.1,0.94,0,0,0,,,,,,,,,,,,,,,,,,,,,,,,,,,,,,,,,,,,,,,,,
2H Polearm,14,20.2,14,1,Glaive,5,29,0,10.1,0.98,0,0,0,,,,,,,,,,,,,,,,,,,,,,,,,,,,,,,,,,,,,,,,,
2H Polearm,14,20.2,14,1,Polesword,6,22,0,10.1,0.94,0,0,0,,,,,,,,,,,,,,,,14.0,4.0,14.0,1.0,Draalsting,22.0,0.0,10.1,0.94,0.0,0.0,0.0,0.0,0.0,1.0,0.0,0.0,0.0,0.0,0.0,0.0,"[{'value': -0.12, 'property': 2, 'specialTag': 0, 'tags': 512, 'type': 2, 'hideStatMod': 0}, {'value': 10.75, 'property': 0, 'specialTag': 0, 'tags': 64, 'type': 1, 'hideStatMod': 0}, {'value': 10.2, 'property': 1, 'specialTag': 7, 'tags': 512, 'type': 0, 'hideStatMod': 0}]",[],"Poison the mind, kill the heart",IIwBmBYRA2B2Mg.png,True
2H Polearm,14,20.2,14,1,Dragonslayer Glaive,7,76,0,10.1,0.94,0,0,0,,,,,,,,,,,,,,,,14.0,4.0,14.0,1.0,Morditas' Reach,76.0,0.0,10.1,0.94,0.0,0.0,0.0,1.0,70.0,1.0,0.0,0.8,0.0,0.0,0.0,0.0,"[{'value': 20, 'property': 0, 'specialTag': 0, 'tags': 516, 'type': 0, 'hideStatMod': 1}, {'value': 0.1, 'property': 51, 'specialTag': 0, 'tags': 4, 'type': 0, 'hideStatMod': 0}, {'value': 10, 'property': 19, 'specialTag': 0, 'tags': 0, 'type': 0, 'hideStatMod': 0}, {'value': 5, 'property': 1, 'specialTag': 23, 'tags': 512, 'type': 0, 'hideStatMod': 1}, {'value': 20, 'property': 0, 'specialTag': 0, 'tags': 8708, 'type': 0, 'hideStatMod': 1}]","[{'description': '+500% chance to inflict Frostbite on Melee Hit', 'altText': 'Frostbite deals cold damage over time and each stack reduces cold protection by 50', 'setPart': 0, 'setItemRequirement': 0}, {'description': '+20 Melee Cold Damage for you and your minions', 'altText': None, 'setPart': 0, 'setItemRequirement': 0}]",Boundless ambition enshrined in ice,IIwBmBYRB2ayA.png,False
2H Polearm,14,20.2,14,1,Deicide Lance,8,82,0,10.1,0.94,0,0,0,,,,,,,,,,,,,,,,,,,,,,,,,,,,,,,,,,,,,,,,,
2H Polearm,14,20.2,14,1,Sun Spear,9,63,0,10.1,10.02,0,0,0,,,,,,,,,,,,,,,,,,,,,,,,,,,,,,,,,,,,,,,,,
2H Polearm,14,20.2,14,1,Dredge Hook,10,38,0,10.1,0.94,0,0,0,,,,,,,,,,,,,,,,,,,,,,,,,,,,,,,,,,,,,,,,,
2H Polearm,14,20.2,14,1,Coiled Bident,11,56,0,10.1,0.94,0,0,0,,,,,,,,,,,,,,,,,,,,,,,,,,,,,,,,,,,,,,,,,
2H Polearm,14,20.2,14,1,Obsidian Lance,12,68,0,10.1,0.94,0,0,0,,,,,,,,,,,,,,,,,,,,,,,,,,,,,,,,,,,,,,,,,
2H Polearm,14,20.2,14,1,Jadebone Javelin,13,58,0,10.1,10.02,0,0,0,,,,,,,,,,,,,,,,,,,,,,,,,,,,,,,,,,,,,,,,,
2H Staff,15,20.2,15,1,Travelling Staff,0,0,0,0.7,0.92,0,0,0,,,,,,,,,,,,,,,,,,,,,,,,,,,,,,,,,,,,,,,,,
2H Staff,15,20.2,15,1,Root Staff,1,6,0,0.7,0.92,0,0,0,,,,,,,,,,,,,,,,,,,,,,,,,,,,,,,,,,,,,,,,,
2H Staff,15,20.2,15,1,Sacrificial Staff,2,13,0,0.7,0.92,0,0,0,,,,,,,,,,,,,,,,,,,,,,,,,,,,,,,,,,,,,,,,,
2H Staff,15,20.2,15,1,Quarter Staff,3,23,0,0.7,0.92,0,0,0,,,,,,,,,,,,,,,,,,,,,,,,,,,,,,,,,,,,,,,,,
2H Staff,15,20.2,15,1,Imperial Staff,4,29,0,0.7,0.92,0,0,0,,,,,,,,,,,,,,,,,,,,,,,,,,,,,,,,,,,,,,,,,
2H Staff,15,20.2,15,1,Spine Rod,5,38,0,0.7,0.92,0,0,0,,,,,,,,,,,,,,,,,,,,,,,,,,,,,,,,,,,,,,,,,
2H Staff,15,20.2,15,1,Shamanic Staff,6,46,0,0.7,0.92,0,0,0,,,,,,,,,,,,,,,,,,,,,,,,,,,,,,,,,,,,,,,,,
2H Staff,15,20.2,15,1,Moon Staff,7,50,0,0.7,0.98,0,0,0,,,,,,,,,,,,,,,,,,,,,,,,,,,,,,,,,,,,,,,,,
2H Staff,15,20.2,15,1,Crystal Staff,8,58,0,0.7,0.92,0,0,0,,,,,,,,,,,,,,,,,,,,,,,,,,,,,,,,,,,,,,,,,
2H Staff,15,20.2,15,1,Horned Staff,9,66,0,0.7,0.92,0,0,0,,,,,,,,,,,,,,,,,,,,,,,,,,,,,,,,,,,,,,,,,
2H Staff,15,20.2,15,1,Temple Staff,10,70,0,0.7,0.92,0,0,0,,,,,,,,,,,,,,,,,,,,,,,,,,,,,,,,,,,,,,,,,
2H Staff,15,20.2,15,1,Bladed Staff,11,74,0,0.7,0.98,0,0,0,,,,,,,,,,,,,,,,,,,,,,,,,,,,,,,,,,,,,,,,,
2H Staff,15,20.2,15,1,Gate Staff,12,80,0,0.7,0.92,0,0,0,,,,,,,,,,,,,,,,,,,,,,,,,,,,,,,,,,,,,,,,,
2H Staff,15,20.2,15,1,Dragon Staff,13,85,0,0.7,0.92,0,0,0,,,,,,,,,,,,,,,,,,,,,,,,,,,,,,,,,,,,,,,,,
2H Staff,15,20.2,15,1,Abyssal Staff,14,70,0,0.7,0.92,0,0,0,,,,,,,,,,,,,,,,,,,,,,,,,,,,,,,,,,,,,,,,,
2H Swords,16,20.2,16,1,Bastard Sword,0,0,0,0.5,10.06,0,0,0,,,,,,,,,,,,,,,,,,,,,,,,,,,,,,,,,,,,,,,,,
2H Swords,16,20.2,16,1,Split Greatsword,1,10,0,0.3,10.02,0,0,0,,,,,,,,,,,,,,,,,,,,,,,,,,,,,,,,,,,,,,,,,
2H Swords,16,20.2,16,1,Imperial Warblade,2,24,0,0.5,10.06,0,0,0,,,,,,,,,,,,,,,,,,,,,,,,,,,,,,,,,,,,,,,,,
2H Swords,16,20.2,16,1,Khopesh,3,36,0,0.5,10.1,0,0,0,,,,,,,,,,,,,,,,,,,,,,,,,,,,,,,,,,,,,,,,,
2H Swords,16,20.2,16,1,Claymore,4,46,0,0.5,10.06,0,0,0,,,,,,,,,,,,,,,,16.0,4.0,16.0,1.0,The Last Laugh,46.0,0.0,0.5,10.06,0.0,0.0,0.0,0.0,0.0,1.0,0.0,0.0,0.0,0.0,0.0,0.0,"[{'value': 30, 'property': 0, 'specialTag': 0, 'tags': 513, 'type': 0, 'hideStatMod': 0}, {'value': 0.15, 'property': 65, 'specialTag': 0, 'tags': 513, 'type': 0, 'hideStatMod': 1}, {'value': 5, 'property': 19, 'specialTag': 0, 'tags': 0, 'type': 0, 'hideStatMod': 0}]","[{'description': 'Instantly kill enemies that are below 15% health', 'altText': None, 'setPart': 0, 'setItemRequirement': 0}, {'description': '+5% melee critical strike chance if you have less than 100 dodge rating', 'altText': None, 'setPart': 0, 'setItemRequirement': 0}]","When the headsman's blade falls, Sarno laughs in triumph",IIwBmDYRAWB2Mg.png,True
2H Swords,16,20.2,16,1,Odachi,5,56,0,0.5,10.02,0,0,0,,,,,,,,,,,,,,,,,,,,,,,,,,,,,,,,,,,,,,,,,
2H Swords,16,20.2,16,1,Winged Blade,6,61,0,0.5,10.06,0,0,0,,,,,,,,,,,,,,,,16.0,4.0,16.0,1.0,Volcanus,61.0,0.0,0.5,10.06,0.0,0.0,0.0,0.0,0.0,1.0,0.0,0.0,0.0,0.0,0.0,0.0,"[{'value': 37, 'property': 0, 'specialTag': 0, 'tags': 520, 'type': 0, 'hideStatMod': 0}, {'value': 0.7, 'property': 51, 'specialTag': 0, 'tags': 8, 'type': 0, 'hideStatMod': 0}]","[{'description': '10% chance to cast flame shards on melee hit', 'altText': 'Flame shards deal 8% increased damage per point of intelligence or attunement', 'setPart': 0, 'setItemRequirement': 0}]",Crafted in the divine era in the great forges beneath the mountains of Rahyeh,IIwBmDYRcHYyA.png,True
2H Swords,16,20.2,16,1,Flamberge,7,70,0,0.5,10.1,0,0,0,,,,,,,,,,,,,,,,16.0,4.0,16.0,1.0,Dreamthorn,70.0,0.0,0.5,10.1,0.0,0.0,0.0,0.0,0.0,1.0,0.0,0.0,0.0,0.0,0.0,0.0,"[{'value': 25, 'property': 0, 'specialTag': 0, 'tags': 528, 'type': 0, 'hideStatMod': 0}, {'value': 125, 'property': 59, 'specialTag': 0, 'tags': 16, 'type': 0, 'hideStatMod': 0}, {'value': 0.1, 'property': 29, 'specialTag': 0, 'tags': 0, 'type': 0, 'hideStatMod': 0}, {'value': 20, 'property': 38, 'specialTag': 6, 'tags': 0, 'type': 0, 'hideStatMod': 0}, {'value': 250, 'property': 53, 'specialTag': 0, 'tags': 0, 'type': 0, 'hideStatMod': 0}]",[],"Eater of dreams, weaver of nightmares",IIwBmDYRB2ayA.png,True
2H Swords,16,20.2,16,1,Hollow Blade,8,77,0,0.5,10.06,0,0,0,,,,,,,,,,,,,,,,,,,,,,,,,,,,,,,,,,,,,,,,,
2H Swords,16,20.2,16,1,Zweihander,9,80,0,0.5,10.02,0,0,0,,,,,,,,,,,,,,,,,,,,,,,,,,,,,,,,,,,,,,,,,
2H Swords,16,20.2,16,1,Solarum Greatsword,10,80,0,10.1,0.76,0,0,0,,,,,,,,,,,,,,,,,,,,,,,,,,,,,,,,,,,,,,,,,
Quiver,17,0.0,17,0,Light Quiver,0,0,0,0.0,1.0,0,0,0,,,,,,,,,,,,,,,,,,,,,,,,,,,,,,,,,,,,,,,,,
Quiver,17,0.0,17,0,Heavy Quiver,1,7,0,0.0,1.0,0,0,0,,,,,,,,,,,,,,,,,,,,,,,,,,,,,,,,,,,,,,,,,
Quiver,17,0.0,17,0,Ivory Quiver,2,23,0,0.0,1.0,0,0,0,,,,,,,,,,,,,,,,,,,,,,,,,,,,,,,,,,,,,,,,,
Quiver,17,0.0,17,0,Nomad Quiver,3,44,0,0.0,1.0,0,0,0,,,,,,,,,,,,,,,,,,,,,,,,,,,,,,,,,,,,,,,,,
Quiver,17,0.0,17,0,Farwood Quiver,4,48,0,0.0,1.0,0,0,0,,,,,,,,,,,,,,,,,,,,,,,,,,,,,,,,,,,,,,,,,
Quiver,17,0.0,17,0,Skalnir Quiver,5,52,0,0.0,1.0,0,0,0,,,,,,,,,,,,,,,,,,,,,,,,,,,,,,,,,,,,,,,,,
Quiver,17,0.0,17,0,Nagasa Quiver,6,65,0,0.0,1.0,0,0,0,,,,,,,,,,,,,,,,,,,,,,,,,,,,,,,,,,,,,,,,,
Quiver,17,0.0,17,0,Spidersilk Quiver,7,68,0,0.0,1.0,0,0,0,,,,,,,,,,,,,,,,,,,,,,,,,,,,,,,,,,,,,,,,,
Shield,18,0.17,18,0,Wooden Shield,0,0,0,0.0,1.0,0,0,0,,,,,,,,,,,,,,,,18.0,4.0,18.0,0.0,The Slab,0.0,0.0,0.0,1.0,0.0,0.0,0.0,0.0,0.0,1.0,0.0,0.0,0.0,0.0,0.0,0.0,"[{'value': -1000000.0, 'property': 6, 'specialTag': 6, 'tags': 0, 'type': 0, 'hideStatMod': 1}, {'value': -0.4, 'property': 29, 'specialTag': 0, 'tags': 0, 'type': 1, 'hideStatMod': 0}]","[{'description': '100% reduced damage taken on block', 'altText': None, 'setPart': 0, 'setItemRequirement': 0}]","Some slabs mark the dead, this one marks the living.",IIwBmA4Sh2Mg.png,True
Shield,18,0.17,18,0,Targe,1,3,0,0.0,1.0,0,0,0,,,,,,,,,,,,,,,,18.0,4.0,18.0,0.0,Close Call,3.0,0.0,0.0,1.0,0.0,0.0,0.0,0.0,0.0,1.0,0.0,0.0,0.0,0.0,0.0,0.0,"[{'value': -0.5, 'property': 53, 'specialTag': 0, 'tags': 0, 'type': 2, 'hideStatMod': 0}, {'value': 80, 'property': 11, 'specialTag': 0, 'tags': 0, 'type': 0, 'hideStatMod': 0}]","[{'description': '40% increased dodge rating for each hit you have blocked recently', 'altText': 'Recently is defined as within the last 4 seconds', 'setPart': 0, 'setItemRequirement': 0}]","Light on your feet, with a foot in the grave",IIwBmA4TB2Mg.png,True
Shield,18,0.17,18,0,Heater Shield,2,15,0,0.0,1.0,0,0,0,,,,,,,,,,,,,,,,18.0,4.0,18.0,0.0,Soul Bastion,15.0,0.0,0.0,1.0,0.0,0.0,0.0,0.0,0.0,1.0,0.0,0.0,0.0,0.0,0.0,0.0,"[{'value': 0.1, 'property': 29, 'specialTag': 0, 'tags': 0, 'type': 0, 'hideStatMod': 0}, {'value': 500, 'property': 53, 'specialTag': 0, 'tags': 0, 'type': 0, 'hideStatMod': 0}]","[{'description': 'Gains a Soul Charge on kill', 'altText': 'Soul charges last for 10 seconds', 'setPart': 0, 'setItemRequirement': 0}, {'description': 'At 5 soul charges, casts Soul Eruption', 'altText': 'Soul Eruption creates 5 souls that target enemies and apply Marked for Death. Also applies Marked for Death to you', 'setPart': 0, 'setItemRequirement': 0}]",The weight of souls is too much for most,IIwBmA4RAmB2Mg.png,True
Shield,18,0.17,18,0,Cavalier Shield,4,24,0,0.0,1.0,0,0,0,,,,,,,,,,,,,,,,18.0,4.0,18.0,0.0,Rahyeh's Light,24.0,0.0,0.0,1.0,0.0,0.0,0.0,0.0,0.0,1.0,0.0,0.0,0.0,0.0,0.0,0.0,"[{'value': 100, 'property': 7, 'specialTag': 0, 'tags': 0, 'type': 0, 'hideStatMod': 0}, {'value': 0.15, 'property': 0, 'specialTag': 0, 'tags': 8, 'type': 1, 'hideStatMod': 0}]","[{'description': '50% less fire spell duration', 'altText': None, 'setPart': 0, 'setItemRequirement': 0}, {'description': 'Refresh the duration of fireshield at the cost of 80 ward at the end of its duration', 'altText': None, 'setPart': 0, 'setItemRequirement': 0}]",Burn with the fire of the eternal sun,IIwBmA4RAWB2Mg.png,True
Shield,18,0.17,18,0,Tower Shield,5,30,0,0.0,1.0,0,0,0,,,,,,,,,,,,,,,,,,,,,,,,,,,,,,,,,,,,,,,,,
Shield,18,0.17,18,0,Bandit Shield,6,36,0,0.0,1.0,0,0,0,,,,,,,,,,,,,,,,,,,,,,,,,,,,,,,,,,,,,,,,,
Shield,18,0.17,18,0,Root Shield,7,41,0,0.0,1.0,0,0,0,,,,,,,,,,,,,,,,,,,,,,,,,,,,,,,,,,,,,,,,,
Shield,18,0.17,18,0,Frostbound Shield,8,45,0,0.0,1.0,0,0,0,,,,,,,,,,,,,,,,,,,,,,,,,,,,,,,,,,,,,,,,,
Shield,18,0.17,18,0,Kite Shield,9,50,0,0.0,1.0,0,0,0,,,,,,,,,,,,,,,,,,,,,,,,,,,,,,,,,,,,,,,,,
Shield,18,0.17,18,0,Meruna Shell,10,52,0,0.0,1.0,0,0,0,,,,,,,,,,,,,,,,,,,,,,,,,,,,,,,,,,,,,,,,,
Shield,18,0.17,18,0,Mountain Shield,11,59,0,0.0,1.0,0,0,0,,,,,,,,,,,,,,,,,,,,,,,,,,,,,,,,,,,,,,,,,
Shield,18,0.17,18,0,Carapace Shield,12,64,0,0.0,1.0,0,0,0,,,,,,,,,,,,,,,,,,,,,,,,,,,,,,,,,,,,,,,,,
Shield,18,0.17,18,0,Ironglass Shield,13,72,0,0.0,1.0,0,0,0,,,,,,,,,,,,,,,,,,,,,,,,,,,,,,,,,,,,,,,,,
Shield,18,0.17,18,0,Dawn Shield,14,76,0,0.0,1.0,0,0,0,,,,,,,,,,,,,,,,,,,,,,,,,,,,,,,,,,,,,,,,,
Shield,18,0.17,18,0,Rotskin Round Shield,15,65,0,0.0,1.0,0,0,0,,,,,,,,,,,,,,,,,,,,,,,,,,,,,,,,,,,,,,,,,
Catalyst,19,0.17,19,0,Tattered Scroll,0,0,0,0.0,1.0,0,0,0,,,,,,,,,,,,,,,,,,,,,,,,,,,,,,,,,,,,,,,,,
Catalyst,19,0.17,19,0,Skull Lantern,1,11,0,0.0,1.0,0,0,0,,,,,,,,,,,,,,,,,,,,,,,,,,,,,,,,,,,,,,,,,
Catalyst,19,0.17,19,0,Copper Aegis,2,25,0,0.0,1.0,0,0,0,,,,,,,,,,,,,,,,,,,,,,,,,,,,,,,,,,,,,,,,,
Catalyst,19,0.17,19,0,Ashen Skull,3,37,0,0.0,1.0,0,0,0,,,,,,,,,,,,,,,,,,,,,,,,,,,,,,,,,,,,,,,,,
Catalyst,19,0.17,19,0,Brass Aegis,4,46,0,0.0,1.0,0,0,0,,,,,,,,,,,,,,,,,,,,,,,,,,,,,,,,,,,,,,,,,
Catalyst,19,0.17,19,0,Unread Scroll,5,62,0,0.0,1.0,0,0,0,,,,,,,,,,,,,,,,,,,,,,,,,,,,,,,,,,,,,,,,,
Catalyst,19,0.17,19,0,Bloodrust Aegis,6,74,0,0.0,1.0,0,0,0,,,,,,,,,,,,,,,,,,,,,,,,,,,,,,,,,,,,,,,,,
Amulet,20,0.17,20,0,Copper Amulet,0,18,0,0.0,1.0,0,0,0,,,,,,,,,,,,,,,,20.0,4.0,20.0,0.0,Strong Mind,18.0,0.0,0.0,1.0,0.0,0.0,0.0,0.0,0.0,1.0,0.0,0.0,0.0,0.0,0.0,0.0,"[{'value': 30, 'property': 8, 'specialTag': 0, 'tags': 0, 'type': 0, 'hideStatMod': 0}]","[{'description': '150% of maximum mana added as stun avoidance', 'altText': None, 'setPart': 0, 'setItemRequirement': 0}, {'description': 'Cast a small lightning explosion when you are stunned', 'altText': None, 'setPart': 0, 'setItemRequirement': 0}]",Stand Fast,IIwBgTCkg7CxA.png,True
Amulet,20,0.17,20,0,Copper Amulet,0,18,0,0.0,1.0,0,0,0,,,,,,,,,,,,,,,,20.0,4.0,20.0,0.0,Strong Mind,18.0,0.0,0.0,1.0,0.0,0.0,0.0,0.0,0.0,1.0,0.0,0.0,0.0,0.0,0.0,0.0,"[{'value': 30, 'property': 8, 'specialTag': 0, 'tags': 0, 'type': 0, 'hideStatMod': 0}]","[{'description': '150% of maximum mana added as stun avoidance', 'altText': None, 'setPart': 0, 'setItemRequirement': 0}, {'description': 'Cast a small lightning explosion when you are stunned', 'altText': None, 'setPart': 0, 'setItemRequirement': 0}]",Stand Fast,IIwBgTCkg7CxA.png,True
Amulet,20,0.17,20,0,Jade Amulet,1,4,0,0.0,1.0,0,0,0,,,,,,,,,,,,,,,,20.0,4.0,20.0,0.0,Bleeding Heart,4.0,0.0,0.0,1.0,0.0,0.0,0.0,0.0,0.0,1.0,0.0,0.0,0.0,0.0,0.0,0.0,"[{'value': -0.35, 'property': 17, 'specialTag': 0, 'tags': 0, 'type': 2, 'hideStatMod': 0}, {'value': 0.5, 'property': 51, 'specialTag': 0, 'tags': 0, 'type': 0, 'hideStatMod': 0}]","[{'description': 'You are inflicted with bleed when you cast a spell', 'altText': None, 'setPart': 0, 'setItemRequirement': 0}]",Drink the blood of the weak,IIwBgTCnA7CxA.png,True
Amulet,20,0.17,20,0,Jade Amulet,1,4,0,0.0,1.0,0,0,0,,,,,,,,,,,,,,,,20.0,4.0,20.0,0.0,Chimaera's Essence,4.0,0.0,0.0,1.0,0.0,0.0,0.0,0.0,0.0,2.0,0.0,0.0,0.0,0.0,0.0,0.0,"[{'value': 10.4, 'property': 0, 'specialTag': 0, 'tags': 524288, 'type': 1, 'hideStatMod': 1}, {'value': 0.1, 'property': 9, 'specialTag': 0, 'tags': 524288, 'type': 1, 'hideStatMod': 1}, {'value': -0.2, 'property': 30, 'specialTag': 0, 'tags': 524288, 'type': 1, 'hideStatMod': 1}]","[{'description': '140% increased damage while shapeshifted', 'altText': None, 'setPart': 0, 'setItemRequirement': 0}, {'description': '10% increased movement speed while shapeshifted', 'altText': None, 'setPart': 0, 'setItemRequirement': 0}, {'description': '20% reduced armor and protections while shapeshifted', 'altText': None, 'setPart': 0, 'setItemRequirement': 0}]","Shifting, Changing, Striking",IIwBgTCnA7OQ.png,True
Amulet,20,0.17,20,0,Silver Amulet,2,24,0,0.0,1.0,0,0,0,,,,,,,,,,,,,,,,20.0,4.0,20.0,0.0,The Invoker's Frozen Heart,24.0,0.0,0.0,1.0,0.0,0.0,0.0,0.0,0.0,1.0,2.0,0.0,0.0,0.0,1.0,0.0,"[{'value': -0.1, 'property': 6, 'specialTag': 0, 'tags': 4, 'type': 2, 'hideStatMod': 0}]","[{'description': '50% increased freeze duration with Snap Freeze', 'altText': None, 'setPart': 0, 'setItemRequirement': 0}, {'description': 'Casting a lightning spell gives 20% more fire damage, casting a fire spell  gives 20% more cold damage, casting a cold spell  gives 20% more lightning damage', 'altText': 'Buffs last 4 seconds and do not stack', 'setPart': 1, 'setItemRequirement': 2}, {'description': '+500 elemental protection', 'altText': None, 'setPart': 1, 'setItemRequirement': 3}]","...alone with ice in his heart, he gained mastery of his art...",IIwBgTClgHCxA.png,True
Amulet,20,0.17,20,0,Brass Amulet,3,4,0,0.0,1.0,0,0,0,,,,,,,,,,,,,,,,20.0,4.0,20.0,0.0,The Claw,4.0,0.0,0.0,1.0,0.0,0.0,0.0,0.0,0.0,1.0,0.0,0.0,0.0,0.0,0.0,0.0,"[{'value': 30, 'property': 7, 'specialTag': 0, 'tags': 0, 'type': 0, 'hideStatMod': 0}, {'value': 6, 'property': 0, 'specialTag': 0, 'tags': 8705, 'type': 0, 'hideStatMod': 1}]","[{'description': '+1 Maximum Wolf', 'altText': 'Affects the Summon Wolf skill. Does not increase your maximum number of companions.', 'setPart': 0, 'setItemRequirement': 0}, {'description': '+6 Melee Physical Damage for Minions', 'altText': None, 'setPart': 0, 'setItemRequirement': 0}]",A wolf never hunts alone,IIwBgTCkMwOwsQ.png,True
Amulet,20,0.17,20,0,Turquoise Amulet,4,36,0,0.0,1.0,0,0,0,,,,,,,,,,,,,,,,20.0,4.0,20.0,0.0,Death Rattle,36.0,0.0,0.0,1.0,0.0,0.0,0.0,0.0,0.0,1.0,1.0,0.0,0.0,0.0,0.0,0.0,"[{'value': 0.2, 'property': 6, 'specialTag': 0, 'tags': 8192, 'type': 1, 'hideStatMod': 1}, {'value': 10.4, 'property': 5, 'specialTag': 0, 'tags': 8192, 'type': 0, 'hideStatMod': 0}]","[{'description': 'Your minions take 20% increased damage', 'altText': None, 'setPart': 0, 'setItemRequirement': 0}, {'description': 'Regain 20 health on minion death', 'altText': None, 'setPart': 0, 'setItemRequirement': 0}]",The rattle of the dying is the sound of weakness leaving the world,IIwBgTCkCwOwsQ.png,True
Amulet,20,0.17,20,0,Ruby Amulet,5,0,0,0.0,1.0,0,0,0,,,,,,,,,,,,,,,,,,,,,,,,,,,,,,,,,,,,,,,,,
Amulet,20,0.17,20,0,Sapphire Amulet,6,44,0,0.0,1.0,0,0,0,,,,,,,,,,,,,,,,,,,,,,,,,,,,,,,,,,,,,,,,,
Amulet,20,0.17,20,0,Bone Amulet,7,58,0,0.0,1.0,0,0,0,,,,,,,,,,,,,,,,20.0,4.0,20.0,0.0,The Fang,58.0,0.0,0.0,1.0,0.0,0.0,0.0,0.0,0.0,1.0,0.0,0.0,0.0,0.0,0.0,0.0,"[{'value': 60, 'property': 7, 'specialTag': 0, 'tags': 0, 'type': 0, 'hideStatMod': 0}, {'value': 12, 'property': 0, 'specialTag': 0, 'tags': 8705, 'type': 0, 'hideStatMod': 1}, {'value': 1, 'property': 56, 'specialTag': 0, 'tags': 8192, 'type': 0, 'hideStatMod': 1}]","[{'description': '+1 Maximum Wolf', 'altText': 'Affects the Summon Wolf skill. Does not increase your maximum number of companions.', 'setPart': 0, 'setItemRequirement': 0}, {'description': '+12 Melee Physical Damage for Minions', 'altText': None, 'setPart': 0, 'setItemRequirement': 0}, {'description': 'Your minions cannot be stunned', 'altText': None, 'setPart': 0, 'setItemRequirement': 0}]",A wolf never hunts alone,IIwBgTCkOxSxA.png,True
Amulet,20,0.17,20,0,Oracle Amulet,8,76,0,0.0,1.0,0,0,0,,,,,,,,,,,,,,,,20.0,4.0,20.0,0.0,Orian's Eye,76.0,0.0,0.0,1.0,0.0,0.0,0.0,0.0,0.0,1.0,0.0,0.95,0.0,0.0,0.0,0.0,"[{'value': 1, 'property': 32, 'specialTag': 0, 'tags': 16, 'type': 0, 'hideStatMod': 0}, {'value': 1, 'property': 13, 'specialTag': 0, 'tags': 0, 'type': 1, 'hideStatMod': 0}, {'value': 100, 'property': 8, 'specialTag': 0, 'tags': 0, 'type': 0, 'hideStatMod': 0}, {'value': 1, 'property': 55, 'specialTag': 0, 'tags': 0, 'type': 0, 'hideStatMod': 1}]","[{'description': '100% increased duration of stun immunity after being stunned', 'altText': None, 'setPart': 0, 'setItemRequirement': 0}]",The future burns within the prophetic lense,IIwBgTCkBwOwsQ.png,True
Amulet,20,0.17,20,0,Gold Amulet,9,71,0,0.0,1.0,0,0,0,,,,,,,,,,,,,,,,,,,,,,,,,,,,,,,,,,,,,,,,,
Ring,21,0.0,21,0,Copper Ring,0,14,0,0.0,1.0,0,0,0,,,,,,,,,,,,,,,,21.0,4.0,21.0,0.0,Ring of the Third Eye,14.0,0.0,0.0,1.0,0.0,0.0,0.0,0.0,0.0,1.0,0.0,0.0,0.0,0.0,0.0,0.0,"[{'value': 0.3, 'property': 4, 'specialTag': 0, 'tags': 0, 'type': 1, 'hideStatMod': 0}, {'value': -0.3, 'property': 5, 'specialTag': 0, 'tags': 0, 'type': 0, 'hideStatMod': 0}]","[{'description': '30% chance to gain 15 ward on crit', 'altText': None, 'setPart': 0, 'setItemRequirement': 0}]","forsee the strikes, imbue them with power",IIwBgTKIg7CxA.png,True
Ring,21,0.0,21,0,Ruby Ring,1,62,0,0.0,1.0,0,0,0,,,,,,,,,,,,,,,,21.0,4.0,21.0,0.0,The Invoker's Scorching Grasp,62.0,0.0,0.0,1.0,0.0,0.0,0.0,0.0,0.0,1.0,2.0,0.0,0.0,0.0,1.0,0.0,"[{'value': 13, 'property': 0, 'specialTag': 0, 'tags': 520, 'type': 0, 'hideStatMod': 0}, {'value': 0.5, 'property': 1, 'specialTag': 1, 'tags': 0, 'type': 0, 'hideStatMod': 0}, {'value': 0.5, 'property': 0, 'specialTag': 0, 'tags': 4104, 'type': 1, 'hideStatMod': 0}]","[{'description': 'Casting a lightning spell gives 20% more fire damage, casting a fire spell gives 20% more cold damage, casting a cold spell gives 20% more lightning damage', 'altText': 'Buffs last 4 seconds and do not stack', 'setPart': 1, 'setItemRequirement': 2}, {'description': '+500 elemental protection', 'altText': None, 'setPart': 1, 'setItemRequirement': 3}]","...his master fell, a firey death knell...",IIwBgTKLAHFQ.png,True
Ring,21,0.0,21,0,Sapphire Ring,2,40,0,0.0,1.0,0,0,0,,,,,,,,,,,,,,,,21.0,4.0,21.0,0.0,The Invoker's Static Touch,40.0,0.0,0.0,1.0,0.0,0.0,0.0,0.0,0.0,1.0,2.0,0.0,0.0,0.0,1.0,0.0,"[{'value': 0.3, 'property': 43, 'specialTag': 5, 'tags': 0, 'type': 0, 'hideStatMod': 0}, {'value': 0.15, 'property': 1, 'specialTag': 5, 'tags': 256, 'type': 0, 'hideStatMod': 0}, {'value': 13, 'property': 0, 'specialTag': 0, 'tags': 258, 'type': 0, 'hideStatMod': 0}]","[{'description': 'Casting a lightning spell gives 20% more fire damage, casting a fire spell  gives 20% more cold damage, casting a cold spell  gives 20% more lightning damage', 'altText': 'Buffs last 4 seconds and do not stack', 'setPart': 1, 'setItemRequirement': 2}, {'description': '+500 elemental protection', 'altText': None, 'setPart': 1, 'setItemRequirement': 3}]","...electrified with ambition, he cast spells beyond his cognition...",IIwBgTK4BwsQ.png,True
Ring,21,0.0,21,0,Silver Ring,3,0,0,0.0,1.0,0,0,0,,,,,,,,,,,,,,,,21.0,4.0,21.0,0.0,Arboreal Circuit,0.0,0.0,0.0,1.0,0.0,0.0,0.0,0.0,0.0,1.0,0.0,0.0,0.0,0.0,0.0,0.0,"[{'value': 300, 'property': 10, 'specialTag': 0, 'tags': 8192, 'type': 0, 'hideStatMod': 0}, {'value': 0.1, 'property': 9, 'specialTag': 0, 'tags': 0, 'type': 1, 'hideStatMod': 0}]","[{'description': '10% chance to summon an illusory tree when hit (15 second cooldown)', 'altText': 'The illusory tree lasts 8 seconds and its health scales with character level and attunement', 'setPart': 0, 'setItemRequirement': 0}]","You can search round and round, but you are seeking an illusion.",IIwBgTKIMwOwsQ.png,True
Ring,21,0.0,21,0,Gold Ring,4,25,0,0.0,1.0,0,0,0,,,,,,,,,,,,,,,,,,,,,,,,,,,,,,,,,,,,,,,,,
Ring,21,0.0,21,0,Jade Ring,6,0,0,0.0,1.0,0,0,0,,,,,,,,,,,,,,,,,,,,,,,,,,,,,,,,,,,,,,,,,
Ring,21,0.0,21,0,Turquoise Ring,7,31,0,0.0,1.0,0,0,0,,,,,,,,,,,,,,,,21.0,4.0,21.0,0.0,Hollow Finger,31.0,0.0,0.0,1.0,0.0,0.0,0.0,0.0,0.0,1.0,0.0,0.2,0.0,0.0,0.0,0.0,"[{'value': 0.4, 'property': 1, 'specialTag': 3, 'tags': 0, 'type': 0, 'hideStatMod': 0}, {'value': 4, 'property': 0, 'specialTag': 0, 'tags': 544, 'type': 0, 'hideStatMod': 0}, {'value': 80, 'property': 14, 'specialTag': 0, 'tags': 0, 'type': 0, 'hideStatMod': 0}]","[{'description': '+1 Maximum Skeleton', 'altText': ""Affects the Acolyte's Summon Skeleton skill"", 'setPart': 0, 'setItemRequirement': 0}]",Only brittle skin remains,IIwBgTKIOxSxA.png,True
Ring,21,0.0,21,0,Ivory Ring,8,66,0,0.0,1.0,0,0,0,,,,,,,,,,,,,,,,,,,,,,,,,,,,,,,,,,,,,,,,,
Ring,21,0.0,21,0,Coral Ring,9,48,0,0.0,1.0,0,0,0,,,,,,,,,,,,,,,,,,,,,,,,,,,,,,,,,,,,,,,,,
Relic,22,0.0,22,0,Leatherbound Tome,0,0,0,0.0,1.0,0,0,0,,,,,,,,,,,,,,,,22.0,4.0,22.0,0.0,Tome of Elements,0.0,0.0,0.0,1.0,0.0,0.0,0.0,0.0,0.0,1.0,0.0,0.0,0.0,0.0,0.0,0.0,"[{'value': 0.15, 'property': 1, 'specialTag': 1, 'tags': 128, 'type': 0, 'hideStatMod': 1}, {'value': 0.15, 'property': 1, 'specialTag': 3, 'tags': 128, 'type': 0, 'hideStatMod': 1}, {'value': 0.15, 'property': 1, 'specialTag': 5, 'tags': 128, 'type': 0, 'hideStatMod': 1}, {'value': 0.2, 'property': 51, 'specialTag': 0, 'tags': 128, 'type': 0, 'hideStatMod': 0}]","[{'description': '+15% chance to chill, shock, and ignite with elemental abilities', 'altText': None, 'setPart': 0, 'setItemRequirement': 0}]",The power of the elements is greatest in their most primal state,IIwBgTGJQ7CxA.png,True
Relic,22,0.0,22,0,Lost Journal,1,0,0,0.0,1.0,0,0,0,,,,,,,,,,,,,,,,,,,,,,,,,,,,,,,,,,,,,,,,,
Relic,22,0.0,22,0,Stained Tome,2,0,0,0.0,1.0,0,0,0,,,,,,,,,,,,,,,,,,,,,,,,,,,,,,,,,,,,,,,,,
Relic,22,0.0,22,0,Copper Chalice,3,0,0,0.0,1.0,0,0,0,,,,,,,,,,,,,,,,,,,,,,,,,,,,,,,,,,,,,,,,,
Relic,22,0.0,22,0,Silver Grail,4,15,0,0.0,1.0,0,0,0,,,,,,,,,,,,,,,,,,,,,,,,,,,,,,,,,,,,,,,,,
Relic,22,0.0,22,0,Golden Chalice,5,37,0,0.0,1.0,0,0,0,,,,,,,,,,,,,,,,22.0,4.0,22.0,0.0,Soulfire,37.0,0.0,0.0,1.0,0.0,0.0,0.0,0.0,0.0,1.0,0.0,0.0,0.0,0.0,0.0,0.0,"[{'value': 60, 'property': 7, 'specialTag': 0, 'tags': 0, 'type': 0, 'hideStatMod': 0}, {'value': 10.6, 'property': 1, 'specialTag': 1, 'tags': 8, 'type': 0, 'hideStatMod': 1}, {'value': 10.6, 'property': 1, 'specialTag': 1, 'tags': 32, 'type': 0, 'hideStatMod': 1}]","[{'description': '+160% Chance to Ignite on Hit with Fire Skills and Necrotic Skills', 'altText': None, 'setPart': 0, 'setItemRequirement': 0}, {'description': '60% increased fire damage if you have killed an enemy recently', 'altText': 'recently refers to the last 4 seconds', 'setPart': 0, 'setItemRequirement': 0}, {'description': '100% increased armor while ignited', 'altText': None, 'setPart': 0, 'setItemRequirement': 0}]",The souls of the damned burn with eternal fire,IIwBgTGIgrA7Cwg.png,True
Relic,22,0.0,22,0,Grave Lantern,6,34,0,0.0,1.0,0,0,0,,,,,,,,,,,,,,,,,,,,,,,,,,,,,,,,,,,,,,,,,
Relic,22,0.0,22,0,Overgrowth Bloom,7,35,0,0.0,1.0,0,0,0,,,,,,,,,,,,,,,,,,,,,,,,,,,,,,,,,,,,,,,,,
Relic,22,0.0,22,0,Navigation Orb,8,61,0,0.0,1.0,0,0,0,,,,,,,,,,,,,,,,,,,,,,,,,,,,,,,,,,,,,,,,,
Relic,22,0.0,22,0,Broken Hilt,9,46,0,0.0,1.0,0,0,0,,,,,,,,,,,,,,,,,,,,,,,,,,,,,,,,,,,,,,,,,
Relic,22,0.0,22,0,Splintered Haft,10,65,0,0.0,1.0,0,0,0,,,,,,,,,,,,,,,,,,,,,,,,,,,,,,,,,,,,,,,,,
Relic,22,0.0,22,0,Defiled Bones,11,0,0,0.0,1.0,8,0,0,,,,,,,,,,,,,,,,,,,,,,,,,,,,,,,,,,,,,,,,,
Relic,22,0.0,22,0,Caged Souls,12,5,0,0.0,1.0,8,0,0,,,,,,,,,,,,,,,,,,,,,,,,,,,,,,,,,,,,,,,,,
Relic,22,0.0,22,0,Homunculus Bile,13,13,0,0.0,1.0,8,0,0,,,,,,,,,,,,,,,,,,,,,,,,,,,,,,,,,,,,,,,,,
Relic,22,0.0,22,0,Cursed Bones,14,33,0,0.0,1.0,8,0,0,,,,,,,,,,,,,,,,,,,,,,,,,,,,,,,,,,,,,,,,,
Relic,22,0.0,22,0,Runed Bones,15,51,0,0.0,1.0,8,0,0,,,,,,,,,,,,,,,,,,,,,,,,,,,,,,,,,,,,,,,,,
Relic,22,0.0,22,0,Decaying Homunculus,16,59,0,0.0,1.0,8,0,0,,,,,,,,,,,,,,,,,,,,,,,,,,,,,,,,,,,,,,,,,
Relic,22,0.0,22,0,Damned Souls,17,63,0,0.0,1.0,8,0,0,,,,,,,,,,,,,,,,,,,,,,,,,,,,,,,,,,,,,,,,,
Relic,22,0.0,22,0,Homunculus Blood,18,65,0,0.0,1.0,8,0,0,,,,,,,,,,,,,,,,,,,,,,,,,,,,,,,,,,,,,,,,,
Relic,22,0.0,22,0,Putrid Souls,19,71,0,0.0,1.0,8,0,0,,,,,,,,,,,,,,,,,,,,,,,,,,,,,,,,,,,,,,,,,
Relic,22,0.0,22,0,Runic Tome,20,0,0,0.0,1.0,2,0,0,,,,,,,,,,,,,,,,,,,,,,,,,,,,,,,,,,,,,,,,,
Relic,22,0.0,22,0,Arcane Quill,21,6,0,0.0,1.0,2,0,0,,,,,,,,,,,,,,,,,,,,,,,,,,,,,,,,,,,,,,,,,
Relic,22,0.0,22,0,Third Eye,22,12,0,0.0,1.0,2,0,0,,,,,,,,,,,,,,,,,,,,,,,,,,,,,,,,,,,,,,,,,
Relic,22,0.0,22,0,Scrivening Quill,23,41,0,0.0,1.0,2,0,0,,,,,,,,,,,,,,,,,,,,,,,,,,,,,,,,,,,,,,,,,
Relic,22,0.0,22,0,Ancient Tome,24,52,0,0.0,1.0,2,0,0,,,,,,,,,,,,,,,,,,,,,,,,,,,,,,,,,,,,,,,,,
Relic,22,0.0,22,0,Scrying Eye,25,58,0,0.0,1.0,2,0,0,,,,,,,,,,,,,,,,,,,,,,,,,,,,,,,,,,,,,,,,,
Relic,22,0.0,22,0,Warding Tome,26,64,0,0.0,1.0,2,0,0,,,,,,,,,,,,,,,,,,,,,,,,,,,,,,,,,,,,,,,,,
Relic,22,0.0,22,0,Rune Quill,27,72,0,0.0,1.0,2,0,0,,,,,,,,,,,,,,,,,,,,,,,,,,,,,,,,,,,,,,,,,
Relic,22,0.0,22,0,Elder Eye,28,76,0,0.0,1.0,2,0,0,,,,,,,,,,,,,,,,,,,,,,,,,,,,,,,,,,,,,,,,,
Relic,22,0.0,22,0,Dream Catcher,29,0,0,0.0,1.0,1,0,0,,,,,,,,,,,,,,,,,,,,,,,,,,,,,,,,,,,,,,,,,
Relic,22,0.0,22,0,Sage Antler,30,4,0,0.0,1.0,1,0,0,,,,,,,,,,,,,,,,,,,,,,,,,,,,,,,,,,,,,,,,,
Relic,22,0.0,22,0,Living Seed,31,11,0,0.0,1.0,1,0,0,,,,,,,,,,,,,,,,,,,,,,,,,,,,,,,,,,,,,,,,,
Relic,22,0.0,22,0,Ochre Antler,32,18,0,0.0,1.0,1,0,0,,,,,,,,,,,,,,,,,,,,,,,,,,,,,,,,,,,,,,,,,
Relic,22,0.0,22,0,Spriggan Seed,33,45,0,0.0,1.0,1,0,0,,,,,,,,,,,,,,,,,,,,,,,,,,,,,,,,,,,,,,,,,
Relic,22,0.0,22,0,Blood Catcher,34,53,0,0.0,1.0,1,0,0,,,,,,,,,,,,,,,,,,,,,,,,,,,,,,,,,,,,,,,,,
Relic,22,0.0,22,0,Frostborn Seed,35,67,0,0.0,1.0,1,0,0,,,,,,,,,,,,,,,,,,,,,,,,,,,,,,,,,,,,,,,,,
Relic,22,0.0,22,0,Spirit Catcher,36,70,0,0.0,1.0,1,0,0,,,,,,,,,,,,,,,,,,,,,,,,,,,,,,,,,,,,,,,,,
Relic,22,0.0,22,0,Woad Antler,37,75,0,0.0,1.0,1,0,0,,,,,,,,,,,,,,,,,,,,,,,,,,,,,,,,,,,,,,,,,
Relic,22,0.0,22,0,Sunrise Emblem,38,0,0,0.0,1.0,4,0,0,,,,,,,,,,,,,,,,,,,,,,,,,,,,,,,,,,,,,,,,,
Relic,22,0.0,22,0,Heretical Script,39,5,0,0.0,1.0,4,0,0,,,,,,,,,,,,,,,,,,,,,,,,,,,,,,,,,,,,,,,,,
Relic,22,0.0,22,0,Mournful Pennant,40,12,0,0.0,1.0,4,0,0,,,,,,,,,,,,,,,,,,,,,,,,,,,,,,,,,,,,,,,,,
Relic,22,0.0,22,0,Inscribed Tablet,41,29,0,0.0,1.0,4,0,0,,,,,,,,,,,,,,,,,,,,,,,,,,,,,,,,,,,,,,,,,
Relic,22,0.0,22,0,Solarum Banner,42,44,0,0.0,1.0,4,0,0,,,,,,,,,,,,,,,,,,,,,,,,,,,,,,,,,,,,,,,,,
Relic,22,0.0,22,0,Solar Commandment,43,50,0,0.0,1.0,4,0,0,,,,,,,,,,,,,,,,,,,,,,,,,,,,,,,,,,,,,,,,,
Relic,22,0.0,22,0,Argent Crest,44,58,0,0.0,1.0,4,0,0,,,,,,,,,,,,,,,,,,,,,,,,,,,,,,,,,,,,,,,,,
Relic,22,0.0,22,0,Dread Banner,45,63,0,0.0,1.0,4,0,0,,,,,,,,,,,,,,,,,,,,,,,,,,,,,,,,,,,,,,,,,
Relic,22,0.0,22,0,Tainted Effigy,46,77,0,0.0,1.0,4,0,0,,,,,,,,,,,,,,,,,,,,,,,,,,,,,,,,,,,,,,,,,
Relic,22,0.0,22,0,Ivory Dice,47,0,0,0.0,1.0,16,0,0,,,,,,,,,,,,,,,,,,,,,,,,,,,,,,,,,,,,,,,,,
Relic,22,0.0,22,0,Venom Phial,48,4,0,0.0,1.0,16,0,0,,,,,,,,,,,,,,,,,,,,,,,,,,,,,,,,,,,,,,,,,
Relic,22,0.0,22,0,Weathered Coins,49,16,0,0.0,1.0,16,0,0,,,,,,,,,,,,,,,,,,,,,,,,,,,,,,,,,,,,,,,,,
Relic,22,0.0,22,0,Stolen Tithe,50,44,0,0.0,1.0,16,0,0,,,,,,,,,,,,,,,,,,,,,,,,,,,,,,,,,,,,,,,,,
Relic,22,0.0,22,0,Oil Vial,51,51,0,0.0,1.0,16,0,0,,,,,,,,,,,,,,,,,,,,,,,,,,,,,,,,,,,,,,,,,
Relic,22,0.0,22,0,Jade Dice,52,55,0,0.0,1.0,16,0,0,,,,,,,,,,,,,,,,,,,,,,,,,,,,,,,,,,,,,,,,,
Relic,22,0.0,22,0,Ruby Dice,53,62,0,0.0,1.0,16,0,0,,,,,,,,,,,,,,,,,,,,,,,,,,,,,,,,,,,,,,,,,
Relic,22,0.0,22,0,Antidote Vial,54,68,0,0.0,1.0,16,0,0,,,,,,,,,,,,,,,,,,,,,,,,,,,,,,,,,,,,,,,,,
Relic,22,0.0,22,0,Ancient Coins,55,74,0,0.0,1.0,16,0,0,,,,,,,,,,,,,,,,,,,,,,,,,,,,,,,,,,,,,,,,,
Relic,22,0.0,22,0,Lost Anchor,56,80,0,0.0,1.0,0,0,0,,,,,,,,,,,,,,,,,,,,,,,,,,,,,,,,,,,,,,,,,
Relic,22,0.0,22,0,Stone Tablet,57,78,0,0.0,1.0,0,0,0,,,,,,,,,,,,,,,,,,,,,,,,,,,,,,,,,,,,,,,,,
Relic,22,0.0,22,0,Dragon Heart,58,80,0,0.0,1.0,0,0,0,,,,,,,,,,,,,,,,,,,,,,,,,,,,,,,,,,,,,,,,,
Bows,23,0.6,23,1,Shortbow,0,0,0,0.0,10.05,16,0,0,,,,,,,,,,,,,,,,,,,,,,,,,,,,,,,,,,,,,,,,,
Bows,23,0.6,23,1,Birch Bow,1,6,0,0.0,0.98,16,0,0,,,,,,,,,,,,,,,,,,,,,,,,,,,,,,,,,,,,,,,,,
Bows,23,0.6,23,1,Salvaged Bow,2,13,0,0.0,10.05,16,0,0,,,,,,,,,,,,,,,,,,,,,,,,,,,,,,,,,,,,,,,,,
Bows,23,0.6,23,1,Imperial Bow,3,23,0,0.0,0.95,16,0,0,,,,,,,,,,,,,,,,,,,,,,,,,,,,,,,,,,,,,,,,,
Bows,23,0.6,23,1,Recurve Bow,4,30,0,0.0,10.05,16,0,0,,,,,,,,,,,,,,,,,,,,,,,,,,,,,,,,,,,,,,,,,
Bows,23,0.6,23,1,Northern Bow,5,43,0,0.0,0.98,16,0,0,,,,,,,,,,,,,,,,,,,,,,,,,,,,,,,,,,,,,,,,,
Bows,23,0.6,23,1,Longbow,6,50,0,0.0,0.92,16,0,0,,,,,,,,,,,,,,,,,,,,,,,,,,,,,,,,,,,,,,,,,
Bows,23,0.6,23,1,Dreadthorn Bow,7,58,0,0.0,0.98,16,0,0,,,,,,,,,,,,,,,,,,,,,,,,,,,,,,,,,,,,,,,,,
Bows,23,0.6,23,1,Serpent Bow,8,60,0,0.0,10.05,16,0,0,,,,,,,,,,,,,,,,,,,,,,,,,,,,,,,,,,,,,,,,,
Bows,23,0.6,23,1,Osprix Bow,9,62,0,0.0,0.98,16,0,0,,,,,,,,,,,,,,,,,,,,,,,,,,,,,,,,,,,,,,,,,
Bows,23,0.6,23,1,Obsidian Bow,10,72,0,0.0,10.1,16,0,0,,,,,,,,,,,,,,,,,,,,,,,,,,,,,,,,,,,,,,,,,
