Base Type,Base Type ID,Affix Effect Modifier,Type,Is Weapon,displayName,subTypeId,levelRequirement,itemTags,addedWeaponRange,attackRate,classRequirement,subClassRequirement,IMSetTier,uniques.1.displayName,uniques.1.overrideLevelRequirement,uniques.1.levelRequirement,uniques.1.uniqueId,uniques.1.setId,uniques.1.rerollChance,uniques.1.noWorldDrops,uniques.1.isFractureUnique,uniques.1.isSetUnique,uniques.1.isLegendary,uniques.1.basicMods,uniques.1.descriptionParts,uniques.1.loreText,uniques.1.sprite,uniques.1.hideLevelRequirement
Helmets,0,0,0,0,Refuge Helmet,0,0,0,0,1,0,0,0,,,,,,,,,,,,,,,
Helmets,0,0,0,0,Jewelled Circlet,1,7,0,0,1,0,0,1,,,,,,,,,,,,,,,
Helmets,0,0,0,0,Iron Casque,2,10,0,0,1,0,0,2,,,,,,,,,,,,,,,
Helmets,0,0,0,0,Dome Cap,4,24,0,0,1,0,0,4,,,,,,,,,,,,,,,
Helmets,0,0,0,0,Bronze Casque,5,39,0,0,1,0,0,8,,,,,,,,,,,,,,,
Helmets,0,0,0,0,Gladiator Helmet,6,65,0,0,1,0,0,8,,,,,,,,,,,,,,,
Helmets,0,0,0,0,Outcast Cage,8,0,0,0,1,8,0,0,,,,,,,,,,,,,,,
Helmets,0,0,0,0,Skull Cage,9,5,0,0,1,8,0,1,,,,,,,,,,,,,,,
Helmets,0,0,0,0,Death Mask,10,23,0,0,1,8,0,2,,,,,,,,,,,,,,,
Helmets,0,0,0,0,Tomb Cage,11,31,0,0,1,8,0,4,,,,,,,,,,,,,,,
Helmets,0,0,0,0,Heretic Cage,12,46,0,0,1,8,0,3,,,,,,,,,,,,,,,
Helmets,0,0,0,0,Ivory Mask,13,61,0,0,1,8,0,7,,,,,,,,,,,,,,,
Helmets,0,0,0,0,Profane Mask,14,64,0,0,1,8,0,6,,,,,,,,,,,,,,,
Helmets,0,0,0,0,Burial Mask,15,70,0,0,1,8,0,8,,,,,,,,,,,,,,,
Helmets,0,0,0,0,Copper Circlet,16,0,0,0,1,2,0,0,,,,,,,,,,,,,,,
Helmets,0,0,0,0,Weathered Crown,17,6,0,0,1,2,0,4,,,,,,,,,,,,,,,
Helmets,0,0,0,0,Shadow Crest,18,15,0,0,1,2,0,2,,,,,,,,,,,,,,,
Helmets,0,0,0,0,Ruby Circlet,19,29,0,0,1,2,0,3,,,,,,,,,,,,,,,
Helmets,0,0,0,0,Silver Crown,20,42,0,0,1,2,0,1,,,,,,,,,,,,,,,
Helmets,0,0,0,0,Diadem,21,59,0,0,1,2,0,7,,,,,,,,,,,,,,,
Helmets,0,0,0,0,Solar Crown,22,68,0,0,1,2,0,6,,,,,,,,,,,,,,,
Helmets,0,0,0,0,Gilded Crown,23,72,0,0,1,2,0,7,,,,,,,,,,,,,,,
Helmets,0,0,0,0,Leather Cowl,24,0,0,0,1,1,0,1,,,,,,,,,,,,,,,
Helmets,0,0,0,0,Wolf Pelt,25,12,0,0,1,1,0,0,,,,,,,,,,,,,,,
Helmets,0,0,0,0,Forest Cowl,26,22,0,0,1,1,0,4,,,,,,,,,,,,,,,
Helmets,0,0,0,0,Nomad Cowl,27,30,0,0,1,1,0,3,,,,,,,,,,,,,,,
Helmets,0,0,0,0,Ivory Cowl,28,42,0,0,1,1,0,7,,,,,,,,,,,,,,,
Helmets,0,0,0,0,Farwood Cowl,29,61,0,0,1,1,0,8,,,,,,,,,,,,,,,
Helmets,0,0,0,0,Darkwolf Pelt,30,67,0,0,1,1,0,5,,,,,,,,,,,,,,,
Helmets,0,0,0,0,Icewolf Pelt,31,67,0,0,1,1,0,2,,,,,,,,,,,,,,,
Helmets,0,0,0,0,Battered Helm,32,0,0,0,1,4,0,0,,,,,,,,,,,,,,,
Helmets,0,0,0,0,Crested Helm,33,4,0,0,1,4,0,1,,,,,,,,,,,,,,,
Helmets,0,0,0,0,Solar Helm,34,13,0,0,1,4,0,2,,,,,,,,,,,,,,,
Helmets,0,0,0,0,Full Helm,35,28,0,0,1,4,0,3,,,,,,,,,,,,,,,
Helmets,0,0,0,0,Bronze Helm,36,42,0,0,1,4,0,4,,,,,,,,,,,,,,,
Helmets,0,0,0,0,Myrmidon Helm,37,60,0,0,1,4,0,5,,,,,,,,,,,,,,,
Helmets,0,0,0,0,Dawn Helm,38,68,0,0,1,4,0,6,,,,,,,,,,,,,,,
Helmets,0,0,0,0,Winged Helm,39,70,0,0,1,4,0,8,,,,,,,,,,,,,,,
Helmets,0,0,0,0,Celestial Helm,40,71,0,0,1,2,0,8,,,,,,,,,,,,,,,
Helmets,0,0,0,0,Horned Cowl,41,70,0,0,1,1,0,6,,,,,,,,,,,,,,,
Helmets,0,0,0,0,Leather Mask,42,0,0,0,1,16,0,5,,,,,,,,,,,,,,,
Helmets,0,0,0,0,Cloth Hood,43,7,0,0,1,16,0,3,,,,,,,,,,,,,,,
Helmets,0,0,0,0,Verdant Hood,44,24,0,0,1,16,0,0,,,,,,,,,,,,,,,
Helmets,0,0,0,0,Desert Mask,45,32,0,0,1,16,0,1,,,,,,,,,,,,,,,
Helmets,0,0,0,0,Dusk Hood,46,38,0,0,1,16,0,2,,,,,,,,,,,,,,,
Helmets,0,0,0,0,Kelthan Mask,47,53,0,0,1,16,0,4,,,,,,,,,,,,,,,
Helmets,0,0,0,0,Blood Cowl,48,57,0,0,1,16,0,6,,,,,,,,,,,,,,,
Helmets,0,0,0,0,Scalebane Grimace,49,63,0,0,1,16,0,8,,,,,,,,,,,,,,,
Helmets,0,0,0,0,Umbral Visage,50,70,0,0,1,16,0,7,,,,,,,,,,,,,,,
Body Armor,1,0.5,1,0,Refuge Armor,0,0,0,0,1,0,0,0,,,,,,,,,,,,,,,
Body Armor,1,0.5,1,0,Leather Coat,1,5,0,0,1,0,0,1,,,,,,,,,,,,,,,
Body Armor,1,0.5,1,0,Iron Armor,2,15,0,0,1,0,0,2,,,,,,,,,,,,,,,
Body Armor,1,0.5,1,0,Noble Raiment,3,23,0,0,1,0,0,8,,,,,,,,,,,,,,,
Body Armor,1,0.5,1,0,Banded Armor,4,27,0,0,1,0,0,4,,,,,,,,,,,,,,,
Body Armor,1,0.5,1,0,Copper Plate,5,41,0,0,1,0,0,5,,,,,,,,,,,,,,,
Body Armor,1,0.5,1,0,Gladiator Armor,6,60,0,0,1,0,0,6,,,,,,,,,,,,,,,
Body Armor,1,0.5,1,0,Forest Garb,7,35,0,0,1,0,0,7,,,,,,,,,,,,,,,
Body Armor,1,0.5,1,0,Outcast Rags,8,0,0,0,1,8,0,0,,,,,,,,,,,,,,,
Body Armor,1,0.5,1,0,Witch Robes,9,5,0,0,1,8,0,1,,,,,,,,,,,,,,,
Body Armor,1,0.5,1,0,Heretic Armor,10,14,0,0,1,8,0,3,,,,,,,,,,,,,,,
Body Armor,1,0.5,1,0,Coven Robes,11,31,0,0,1,8,0,4,,,,,,,,,,,,,,,
Body Armor,1,0.5,1,0,Ribbed Cuirass,12,46,0,0,1,8,0,5,,,,,,,,,,,,,,,
Body Armor,1,0.5,1,0,Burial Plate,13,61,0,0,1,8,0,6,,,,,,,,,,,,,,,
Body Armor,1,0.5,1,0,Profane Armor,14,64,0,0,1,8,0,7,,,,,,,,,,,,,,,
Body Armor,1,0.5,1,0,Immortal Plate,15,66,0,0,1,8,0,8,,,,,,,,,,,,,,,
Body Armor,1,0.5,1,0,Traveling Coat,16,0,0,0,1,2,0,0,,,,,,,,,,,,,,,
Body Armor,1,0.5,1,0,Adept Robes,17,8,0,0,1,2,0,1,,,,,,,,,,,,,,,
Body Armor,1,0.5,1,0,Temple Garb,18,19,0,0,1,2,0,2,,,,,,,,,,,,,,,
Body Armor,1,0.5,1,0,Opulent Coat,19,25,0,0,1,2,0,3,,,,,,,,,,,,,,,
Body Armor,1,0.5,1,0,Arcanist Robes,20,40,0,0,1,2,0,4,,,,,,,,,,,,,,,
Body Armor,1,0.5,1,0,Elder Raiment,21,62,0,0,1,2,0,5,,,,,,,,,,,,,,,
Body Armor,1,0.5,1,0,Battlemage Robes,22,65,0,0,1,2,0,6,,,,,,,,,,,,,,,
Body Armor,1,0.5,1,0,Archmage Robes,23,70,0,0,1,2,0,7,,,,,,,,,,,,,,,
Body Armor,1,0.5,1,0,Hide Armor,24,0,0,0,1,1,0,0,,,,,,,,,,,,,,,
Body Armor,1,0.5,1,0,Wooden Armor,25,4,0,0,1,1,0,1,,,,,,,,,,,,,,,
Body Armor,1,0.5,1,0,Leather Armor,26,16,0,0,1,1,0,2,,,,,,,,,,,,,,,
Body Armor,1,0.5,1,0,Rowan Armor,27,30,0,0,1,1,0,3,,,,,,,,,,,,,,,
Body Armor,1,0.5,1,0,Nomad Garb,28,40,0,0,1,1,0,4,,,,,,,,,,,,,,,
Body Armor,1,0.5,1,0,Oak Armor,29,58,0,0,1,1,0,5,,,,,,,,,,,,,,,
Body Armor,1,0.5,1,0,Wild Armor,30,67,0,0,1,1,0,7,,,,,,,,,,,,,,,
Body Armor,1,0.5,1,0,Heoborean Armor,31,67,0,0,1,1,0,8,,,,,,,,,,,,,,,
Body Armor,1,0.5,1,0,Worn Plate,32,0,0,0,1,4,0,0,,,,,,,,,,,,,,,
Body Armor,1,0.5,1,0,Iron Cuirass,33,5,0,0,1,4,0,1,,,,,,,,,,,,,,,
Body Armor,1,0.5,1,0,Solar Plate,34,13,0,0,1,4,0,2,,,,,,,,,,,,,,,
Body Armor,1,0.5,1,0,Full Plate,35,28,0,0,1,4,0,3,,,,,,,,,,,,,,,
Body Armor,1,0.5,1,0,Bronze Cuirass,36,42,0,0,1,4,0,4,,,,,,,,,,,,,,,
Body Armor,1,0.5,1,0,Myrmidon Plate,37,60,0,0,1,4,0,5,,,,,,,,,,,,,,,
Body Armor,1,0.5,1,0,Dawn Plate,38,68,0,0,1,4,0,7,,,,,,,,,,,,,,,
Body Armor,1,0.5,1,0,Solarum Plate,39,70,0,0,1,4,0,8,,,,,,,,,,,,,,,
Body Armor,1,0.5,1,0,Augury Plate,40,65,0,0,1,4,0,6,,,,,,,,,,,,,,,
Body Armor,1,0.5,1,0,Celestial Robes,41,72,0,0,1,2,0,8,,,,,,,,,,,,,,,
Body Armor,1,0.5,1,0,Shamanic Garb,42,64,0,0,1,1,0,6,,,,,,,,,,,,,,,
Body Armor,1,0.5,1,0,Cloth Armour,43,0,0,0,1,16,0,0,,,,,,,,,,,,,,,
Body Armor,1,0.5,1,0,Leather Hauberk,44,4,0,0,1,16,0,1,,,,,,,,,,,,,,,
Body Armor,1,0.5,1,0,Padded Armour,45,14,0,0,1,16,0,2,,,,,,,,,,,,,,,
Body Armor,1,0.5,1,0,Hunting Garb,46,24,0,0,1,16,0,3,,,,,,,,,,,,,,,
Body Armor,1,0.5,1,0,Boiled Leather,47,32,0,0,1,16,0,4,,,,,,,,,,,,,,,
Body Armor,1,0.5,1,0,Mercenary Leather,48,48,0,0,1,16,0,5,,,,,,,,,,,,,,,
Body Armor,1,0.5,1,0,Brigandine Armour,49,58,0,0,1,16,0,7,,,,,,,,,,,,,,,
Body Armor,1,0.5,1,0,Scalebane Armour,50,66,0,0,1,16,0,6,,,,,,,,,,,,,,,
Body Armor,1,0.5,1,0,Crimson Garb,51,70,0,0,1,16,0,8,,,,,,,,,,,,,,,
Belts,2,0,2,0,Sash,0,0,0,0,1,0,0,0,,,,,,,,,,,,,,,
Belts,2,0,2,0,Leather Belt,1,14,0,0,1,0,0,0,,,,,,,,,,,,,,,
Belts,2,0,2,0,Plated Belt,2,19,0,0,1,0,0,0,,,,,,,,,,,,,,,
Belts,2,0,2,0,Bronze Belt,4,44,0,0,1,0,0,0,,,,,,,,,,,,,,,
Belts,2,0,2,0,Ranger's Belt,5,60,0,0,1,0,0,0,,,,,,,,,,,,,,,
Belts,2,0,2,0,Noble Sash,6,32,0,0,1,0,0,1,,,,,,,,,,,,,,,
Boots,3,0,3,0,Leather Boots,0,0,0,0,1,0,0,1,,,,,,,,,,,,,,,
Boots,3,0,3,0,Refuge Boots,1,8,0,0,1,0,0,2,,,,,,,,,,,,,,,
Boots,3,0,3,0,Iron Greaves,2,16,0,0,1,0,0,3,,,,,,,,,,,,,,,
Boots,3,0,3,0,Outcast Boots,3,23,0,0,1,0,0,4,,,,,,,,,,,,,,,
Boots,3,0,3,0,Brigandine Boots,4,30,0,0,1,0,0,5,,,,,,,,,,,,,,,
Boots,3,0,3,0,Heoborean Boots,5,45,0,0,1,0,0,6,,,,,,,,,,,,,,,
Boots,3,0,3,0,Solarum Greaves,6,67,0,0,1,0,0,8,,,,,,,,,,,,,,,
Boots,3,0,3,0,Shrine Boots,8,58,0,0,1,0,0,7,,,,,,,,,,,,,,,
Boots,3,0,3,0,Arcane Boots,9,60,0,0,1,0,0,7,,,,,,,,,,,,,,,
Gloves,4,0,4,0,Leather Gloves,0,0,0,0,1,0,0,0,,,,,,,,,,,,,,,
Gloves,4,0,4,0,Refuge Gloves,1,6,0,0,1,0,0,1,,,,,,,,,,,,,,,
Gloves,4,0,4,0,Iron Gauntlets,2,15,0,0,1,0,0,2,,,,,,,,,,,,,,,
Gloves,4,0,4,0,Outcast Gloves,3,25,0,0,1,0,0,3,,,,,,,,,,,,,,,
Gloves,4,0,4,0,Noble Gloves,4,31,0,0,1,0,0,4,,,,,,,,,,,,,,,
Gloves,4,0,4,0,Engraved Gauntlets,5,45,0,0,1,0,0,6,,,,,,,,,,,,,,,
Gloves,4,0,4,0,Solarum Bracers,6,62,0,0,1,0,0,7,,,,,,,,,,,,,,,
Gloves,4,0,4,0,Crusader Gauntlets,7,64,0,0,1,0,0,8,,,,,,,,,,,,,,,
Gloves,4,0,4,0,Gluttonous Gloves,8,91,0,0,1,0,0,8,,,,,,,,,,,,,,,
1H Axes,5,0.75,5,1,Hatchet,0,0,0,-0.1,10.05,0,0,0,,,,,,,,,,,,,,,
1H Axes,5,0.75,5,1,Pickaxe,1,6,0,0,0.98,0,0,0,,,,,,,,,,,,,,,
1H Axes,5,0.75,5,1,Rusted Cleaver,2,12,0,0,10.05,0,0,0,,,,,,,,,,,,,,,
1H Axes,5,0.75,5,1,Battle Axe,3,24,0,0,10.05,0,0,0,,,,,,,,,,,,,,,
1H Axes,5,0.75,5,1,Sickle,4,35,0,0,10.09,0,0,0,,,,,,,,,,,,,,,
1H Axes,5,0.75,5,1,Wengari Axe,5,46,0,0,10.09,0,0,0,,,,,,,,,,,,,,,
1H Axes,5,0.75,5,1,Crescent Axe,6,51,0,0,10.05,0,0,0,,,,,,,,,,,,,,,
1H Axes,5,0.75,5,1,Chitin Claw,7,59,0,-0.1,10.05,0,0,0,,,,,,,,,,,,,,,
1H Axes,5,0.75,5,1,Eagle Wing,8,63,0,0,10.05,0,0,0,,,,,,,,,,,,,,,
1H Axes,5,0.75,5,1,Soul Harvester,9,66,0,0,10.09,0,0,0,,,,,,,,,,,,,,,
1H Axes,5,0.75,5,1,Shadow Cleaver,10,71,0,0,0.98,0,0,0,,,,,,,,,,,,,,,
1H Axes,5,0.75,5,1,Dragonbone Axe,11,80,0,0,10.05,0,0,0,,,,,,,,,,,,,,,
1H Dagger,6,0.75,6,1,Poignard,0,0,0,-0.1,10.14,0,0,0,,,,,,,,,,,,,,,
1H Dagger,6,0.75,6,1,Sacrificial Knife,1,12,0,0,10.14,0,0,0,,,,,,,,,,,,,,,
1H Dagger,6,0.75,6,1,Bone Dagger,2,25,0,0,10.14,0,0,0,,,,,,,,,,,,,,,
1H Dagger,6,0.75,6,1,Kris,3,27,0,0,10.1,0,0,0,,,,,,,,,,,,,,,
1H Dagger,6,0.75,6,1,Hunting Knife,4,44,0,0,10.14,0,0,0,,,,,,,,,,,,,,,
1H Dagger,6,0.75,6,1,Moon Dagger,5,51,0,0,10.14,0,0,0,,,,,,,,,,,,,,,
1H Dagger,6,0.75,6,1,Majasan Dagger,6,55,0,0,10.14,0,0,0,,,,,,,,,,,,,,,
1H Dagger,6,0.75,6,1,Rune Dagger,7,61,0,0,10.14,0,0,0,,,,,,,,,,,,,,,
1H Dagger,6,0.75,6,1,Sai,8,65,0,0,10.18,0,0,0,,,,,,,,,,,,,,,
1H Dagger,6,0.75,6,1,Chitin Dagger,9,68,0,0,10.14,0,0,0,,,,,,,,,,,,,,,
1H Dagger,6,0.75,6,1,Obsidian Dagger,10,71,0,0,10.1,0,0,0,,,,,,,,,,,,,,,
1H Maces,7,0.75,7,1,Club,0,0,0,0,0.98,0,0,0,,,,,,,,,,,,,,,
1H Maces,7,0.75,7,1,Iron Hammer,1,8,0,0,0.98,0,0,0,,,,,,,,,,,,,,,
1H Maces,7,0.75,7,1,Flanged Mace,2,18,0,0,0.98,0,0,0,,,,,,,,,,,,,,,
1H Maces,7,0.75,7,1,Morning Star,3,29,0,0,0.98,0,0,0,,,,,,,,,,,,,,,
1H Maces,7,0.75,7,1,Pick Hammer,4,37,0,0.1,0.94,0,0,0,,,,,,,,,,,,,,,
1H Maces,7,0.75,7,1,Ebertusk Club,5,45,0,0,0.98,0,0,0,,,,,,,,,,,,,,,
1H Maces,7,0.75,7,1,Urchin Star,6,50,0,0,0.98,0,0,0,,,,,,,,,,,,,,,
1H Maces,7,0.75,7,1,Serpent Mace,7,54,0,0,0.98,0,0,0,,,,,,,,,,,,,,,
1H Maces,7,0.75,7,1,Solarum Hammer,8,62,0,0,0.98,0,0,0,,,,,,,,,,,,,,,
1H Maces,7,0.75,7,1,Doom Star,9,70,0,0,0.98,0,0,0,,,,,,,,,,,,,,,
1H Maces,7,0.75,7,1,Rune Hammer,10,78,0,0,0.94,0,0,0,,,,,,,,,,,,,,,
1H Scepter,8,0.75,8,1,Brass Sceptre,0,0,0,0,0.98,0,0,0,,,,,,,,,,,,,,,
1H Scepter,8,0.75,8,1,Ice Sceptre,1,43,0,0,0.98,0,0,0,,,,,,,,,,,,,,,
1H Scepter,8,0.75,8,1,Ornate Sceptre,2,35,0,0,0.98,0,0,0,,,,,,,,,,,,,,,
1H Scepter,8,0.75,8,1,Cultist Sceptre,3,11,0,0,0.98,0,0,0,,,,,,,,,,,,,,,
1H Scepter,8,0.75,8,1,Oak Sceptre,4,21,0,0,0.98,0,0,0,,,,,,,,,,,,,,,
1H Scepter,8,0.75,8,1,Auric Sceptre,5,52,0,0,0.98,0,0,0,,,,,,,,,,,,,,,
1H Scepter,8,0.75,8,1,Argent Sceptre,6,63,0,0,0.98,0,0,0,,,,,,,,,,,,,,,
1H Scepter,8,0.75,8,1,Obsidian Sceptre,8,75,0,0,0.98,0,0,0,,,,,,,,,,,,,,,
1H Scepter,8,0.75,8,1,Skeletal Sceptre,9,67,0,0,0.98,0,0,0,,,,,,,,,,,,,,,
1H Swords,9,0.75,9,1,Broken Sword,0,5,0,0,10.1,0,0,0,,,,,,,,,,,,,,,
1H Swords,9,0.75,9,1,Broadsword,1,20,0,0,10.16,0,0,0,,,,,,,,,,,,,,,
1H Swords,9,0.75,9,1,Rust Blade,2,39,0,0,10.2,0,0,0,,,,,,,,,,,,,,,
1H Swords,9,0.75,9,1,Gladius,3,0,0,0,10.12,0,0,0,,,,,,,,,,,,,,,
1H Swords,9,0.75,9,1,Cultist Blade,4,15,0,0,10.2,0,0,0,,,,,,,,,,,,,,,
1H Swords,9,0.75,9,1,Falchion,5,30,0,0,10.2,0,0,0,,,,,,,,,,,,,,,
1H Swords,9,0.75,9,1,Longsword,6,50,0,0.3,10.08,0,0,0,,,,,,,,,,,,,,,
1H Swords,9,0.75,9,1,Nagasa Scymitar,7,54,0,0,10.24,0,0,0,,,,,,,,,,,,,,,
1H Swords,9,0.75,9,1,Crystal Sword,8,64,0,0,10.16,0,0,0,,,,,,,,,,,,,,,
1H Swords,9,0.75,9,1,Katana,9,70,0,0.1,10.2,0,0,0,,,,,,,,,,,,,,,
1H Swords,9,0.75,9,1,Dawn Blade,10,75,0,0,10.2,0,0,0,,,,,,,,,,,,,,,
Wands,10,0.75,10,1,Coral Wand,0,51,0,-0.2,10.02,0,0,0,,,,,,,,,,,,,,,
Wands,10,0.75,10,1,Rowan Wand,1,0,0,-0.2,10.02,0,0,0,,,,,,,,,,,,,,,
Wands,10,0.75,10,1,Archive Wand,2,5,0,-0.2,10.02,0,0,0,,,,,,,,,,,,,,,
Wands,10,0.75,10,1,Ornate Wand,3,55,0,-0.2,10.02,0,0,0,,,,,,,,,,,,,,,
Wands,10,0.75,10,1,Spriggan Branch,4,47,0,-0.2,10.02,0,0,0,,,,,,,,,,,,,,,
Wands,10,0.75,10,1,Ritual Stake,5,14,0,-0.2,10.02,0,0,0,,,,,,,,,,,,,,,
Wands,10,0.75,10,1,Ivory Wand,6,31,0,-0.2,10.02,0,0,0,,,,,,,,,,,,,,,
Wands,10,0.75,10,1,Birch Wand,7,20,0,-0.2,10.02,0,0,0,,,,,,,,,,,,,,,
Wands,10,0.75,10,1,Profane Wand,8,67,0,-0.2,10.02,0,0,0,,,,,,,,,,,,,,,
Wands,10,0.75,10,1,Crystal Wand,9,60,0,-0.2,10.02,0,0,0,,,,,,,,,,,,,,,
Wands,10,0.75,10,1,Dragonhorn Wand,10,77,0,-0.2,10.02,0,0,0,,,,,,,,,,,,,,,
2H Axes,12,20.2,12,1,Forestry Axe,0,0,0,0.5,0.92,0,0,0,,,,,,,,,,,,,,,
2H Axes,12,20.2,12,1,Refuge Axe,1,5,0,0.5,0.95,0,0,0,,,,,,,,,,,,,,,
2H Axes,12,20.2,12,1,Cultist Chopper,2,14,0,0.5,0.92,0,0,0,,,,,,,,,,,,,,,
2H Axes,12,20.2,12,1,Bearded Axe,3,21,0,0.5,0.95,0,0,0,,,,,,,,,,,,,,,
2H Axes,12,20.2,12,1,Imperial Halberd,4,33,0,0.9,0.89,0,0,0,,,,,,,,,,,,,,,
2H Axes,12,20.2,12,1,Ice Axe,5,47,0,0.5,0.95,0,0,0,,,,,,,,,,,,,,,
2H Axes,12,20.2,12,1,Great Axe,6,54,0,0.5,0.95,0,0,0,,,,,,,,,,,,,,,
2H Axes,12,20.2,12,1,Jade Cleaver,7,62,0,0.5,0.95,0,0,0,,,,,,,,,,,,,,,
2H Axes,12,20.2,12,1,Obsidian Axe,8,64,0,0.5,0.92,0,0,0,,,,,,,,,,,,,,,
2H Axes,12,20.2,12,1,Bone Scythe,9,66,0,0.7,0.92,0,0,0,,,,,,,,,,,,,,,
2H Axes,12,20.2,12,1,Bardiche,10,71,0,0.9,0.89,0,0,0,,,,,,,,,,,,,,,
2H Axes,12,20.2,12,1,Radiant Axe,11,76,0,0.5,0.95,0,0,0,,,,,,,,,,,,,,,
2H Maces,13,20.2,13,1,Great Mace,0,0,0,0.5,0.9,0,0,0,,,,,,,,,,,,,,,
2H Maces,13,20.2,13,1,Spiked Great Club,1,7,0,0.5,0.9,0,0,0,,,,,,,,,,,,,,,
2H Maces,13,20.2,13,1,Maul,2,19,0,0.5,0.9,0,0,0,,,,,,,,,,,,,,,
2H Maces,13,20.2,13,1,Spiked Maul,3,28,0,0.5,0.9,0,0,0,,,,,,,,,,,,,,,
2H Maces,13,20.2,13,1,Giant Club,4,39,0,0.6,0.86,0,0,0,,,,,,,,,,,,,,,
2H Maces,13,20.2,13,1,Great Hammer,5,52,0,0.5,0.9,0,0,0,,,,,,,,,,,,,,,
2H Maces,13,20.2,13,1,Titan Femur,6,58,0,0.5,0.88,0,0,0,,,,,,,,,,,,,,,
2H Maces,13,20.2,13,1,Terror Mace,7,66,0,0.5,0.9,0,0,0,,,,,,,,,,,,,,,
2H Maces,13,20.2,13,1,Lucerne,8,74,0,0.9,0.86,0,0,0,,,,,,,,,,,,,,,
2H Maces,13,20.2,13,1,Eber Head,9,78,0,0.5,0.86,0,0,0,,,,,,,,,,,,,,,
2H Polearm,14,20.2,14,1,Pike,0,6,0,10.1,0.94,0,0,0,,,,,,,,,,,,,,,
2H Polearm,14,20.2,14,1,Short Spear,1,0,0,10.1,0.98,0,0,0,,,,,,,,,,,,,,,
2H Polearm,14,20.2,14,1,Ice Spear,2,46,0,10.1,0.98,0,0,0,,,,,,,,,,,,,,,
2H Polearm,14,20.2,14,1,Impaler,3,16,0,10.1,0.94,0,0,0,,,,,,,,,,,,,,,
2H Polearm,14,20.2,14,1,Trident,4,51,0,10.1,0.94,0,0,0,,,,,,,,,,,,,,,
2H Polearm,14,20.2,14,1,Glaive,5,29,0,10.1,0.98,0,0,0,,,,,,,,,,,,,,,
2H Polearm,14,20.2,14,1,Polesword,6,22,0,10.1,0.94,0,0,0,,,,,,,,,,,,,,,
2H Polearm,14,20.2,14,1,Dragonslayer Glaive,7,76,0,10.1,0.94,0,0,0,,,,,,,,,,,,,,,
2H Polearm,14,20.2,14,1,Deicide Lance,8,82,0,10.1,0.94,0,0,0,,,,,,,,,,,,,,,
2H Polearm,14,20.2,14,1,Sun Spear,9,63,0,10.1,10.02,0,0,0,,,,,,,,,,,,,,,
2H Polearm,14,20.2,14,1,Dredge Hook,10,38,0,10.1,0.94,0,0,0,,,,,,,,,,,,,,,
2H Polearm,14,20.2,14,1,Coiled Bident,11,56,0,10.1,0.94,0,0,0,,,,,,,,,,,,,,,
2H Polearm,14,20.2,14,1,Obsidian Lance,12,68,0,10.1,0.94,0,0,0,,,,,,,,,,,,,,,
2H Polearm,14,20.2,14,1,Jadebone Javelin,13,58,0,10.1,10.02,0,0,0,,,,,,,,,,,,,,,
2H Staff,15,20.2,15,1,Travelling Staff,0,0,0,0.7,0.92,0,0,0,,,,,,,,,,,,,,,
2H Staff,15,20.2,15,1,Root Staff,1,6,0,0.7,0.92,0,0,0,,,,,,,,,,,,,,,
2H Staff,15,20.2,15,1,Sacrificial Staff,2,13,0,0.7,0.92,0,0,0,,,,,,,,,,,,,,,
2H Staff,15,20.2,15,1,Quarter Staff,3,23,0,0.7,0.92,0,0,0,,,,,,,,,,,,,,,
2H Staff,15,20.2,15,1,Imperial Staff,4,29,0,0.7,0.92,0,0,0,,,,,,,,,,,,,,,
2H Staff,15,20.2,15,1,Spine Rod,5,38,0,0.7,0.92,0,0,0,,,,,,,,,,,,,,,
2H Staff,15,20.2,15,1,Shamanic Staff,6,46,0,0.7,0.92,0,0,0,,,,,,,,,,,,,,,
2H Staff,15,20.2,15,1,Moon Staff,7,50,0,0.7,0.98,0,0,0,,,,,,,,,,,,,,,
2H Staff,15,20.2,15,1,Crystal Staff,8,58,0,0.7,0.92,0,0,0,,,,,,,,,,,,,,,
2H Staff,15,20.2,15,1,Horned Staff,9,66,0,0.7,0.92,0,0,0,,,,,,,,,,,,,,,
2H Staff,15,20.2,15,1,Temple Staff,10,70,0,0.7,0.92,0,0,0,,,,,,,,,,,,,,,
2H Staff,15,20.2,15,1,Bladed Staff,11,74,0,0.7,0.98,0,0,0,,,,,,,,,,,,,,,
2H Staff,15,20.2,15,1,Gate Staff,12,80,0,0.7,0.92,0,0,0,,,,,,,,,,,,,,,
2H Staff,15,20.2,15,1,Dragon Staff,13,85,0,0.7,0.92,0,0,0,,,,,,,,,,,,,,,
2H Staff,15,20.2,15,1,Abyssal Staff,14,70,0,0.7,0.92,0,0,0,,,,,,,,,,,,,,,
2H Swords,16,20.2,16,1,Bastard Sword,0,0,0,0.5,10.06,0,0,0,,,,,,,,,,,,,,,
2H Swords,16,20.2,16,1,Split Greatsword,1,10,0,0.3,10.02,0,0,0,,,,,,,,,,,,,,,
2H Swords,16,20.2,16,1,Imperial Warblade,2,24,0,0.5,10.06,0,0,0,,,,,,,,,,,,,,,
2H Swords,16,20.2,16,1,Khopesh,3,36,0,0.5,10.1,0,0,0,,,,,,,,,,,,,,,
2H Swords,16,20.2,16,1,Claymore,4,46,0,0.5,10.06,0,0,0,,,,,,,,,,,,,,,
2H Swords,16,20.2,16,1,Odachi,5,56,0,0.5,10.02,0,0,0,,,,,,,,,,,,,,,
2H Swords,16,20.2,16,1,Winged Blade,6,61,0,0.5,10.06,0,0,0,,,,,,,,,,,,,,,
2H Swords,16,20.2,16,1,Flamberge,7,70,0,0.5,10.1,0,0,0,,,,,,,,,,,,,,,
2H Swords,16,20.2,16,1,Hollow Blade,8,77,0,0.5,10.06,0,0,0,,,,,,,,,,,,,,,
2H Swords,16,20.2,16,1,Zweihander,9,80,0,0.5,10.02,0,0,0,,,,,,,,,,,,,,,
2H Swords,16,20.2,16,1,Solarum Greatsword,10,80,0,10.1,0.76,0,0,0,,,,,,,,,,,,,,,
Quiver,17,0,17,0,Light Quiver,0,0,0,0,1,0,0,0,,,,,,,,,,,,,,,
Quiver,17,0,17,0,Heavy Quiver,1,7,0,0,1,0,0,0,,,,,,,,,,,,,,,
Quiver,17,0,17,0,Ivory Quiver,2,23,0,0,1,0,0,0,,,,,,,,,,,,,,,
Quiver,17,0,17,0,Nomad Quiver,3,44,0,0,1,0,0,0,,,,,,,,,,,,,,,
Quiver,17,0,17,0,Farwood Quiver,4,48,0,0,1,0,0,0,,,,,,,,,,,,,,,
Quiver,17,0,17,0,Skalnir Quiver,5,52,0,0,1,0,0,0,,,,,,,,,,,,,,,
Quiver,17,0,17,0,Nagasa Quiver,6,65,0,0,1,0,0,0,,,,,,,,,,,,,,,
Quiver,17,0,17,0,Spidersilk Quiver,7,68,0,0,1,0,0,0,,,,,,,,,,,,,,,
Shield,18,0.17,18,0,Wooden Shield,0,0,0,0,1,0,0,0,,,,,,,,,,,,,,,
Shield,18,0.17,18,0,Targe,1,3,0,0,1,0,0,0,,,,,,,,,,,,,,,
Shield,18,0.17,18,0,Heater Shield,2,15,0,0,1,0,0,0,,,,,,,,,,,,,,,
Shield,18,0.17,18,0,Cavalier Shield,4,24,0,0,1,0,0,0,,,,,,,,,,,,,,,
Shield,18,0.17,18,0,Tower Shield,5,30,0,0,1,0,0,0,,,,,,,,,,,,,,,
Shield,18,0.17,18,0,Bandit Shield,6,36,0,0,1,0,0,0,,,,,,,,,,,,,,,
Shield,18,0.17,18,0,Root Shield,7,41,0,0,1,0,0,0,,,,,,,,,,,,,,,
Shield,18,0.17,18,0,Frostbound Shield,8,45,0,0,1,0,0,0,,,,,,,,,,,,,,,
Shield,18,0.17,18,0,Kite Shield,9,50,0,0,1,0,0,0,,,,,,,,,,,,,,,
Shield,18,0.17,18,0,Meruna Shell,10,52,0,0,1,0,0,0,,,,,,,,,,,,,,,
Shield,18,0.17,18,0,Mountain Shield,11,59,0,0,1,0,0,0,,,,,,,,,,,,,,,
Shield,18,0.17,18,0,Carapace Shield,12,64,0,0,1,0,0,0,,,,,,,,,,,,,,,
Shield,18,0.17,18,0,Ironglass Shield,13,72,0,0,1,0,0,0,,,,,,,,,,,,,,,
Shield,18,0.17,18,0,Dawn Shield,14,76,0,0,1,0,0,0,,,,,,,,,,,,,,,
Shield,18,0.17,18,0,Rotskin Round Shield,15,65,0,0,1,0,0,0,,,,,,,,,,,,,,,
Catalyst,19,0.17,19,0,Tattered Scroll,0,0,0,0,1,0,0,0,,,,,,,,,,,,,,,
Catalyst,19,0.17,19,0,Skull Lantern,1,11,0,0,1,0,0,0,,,,,,,,,,,,,,,
Catalyst,19,0.17,19,0,Copper Aegis,2,25,0,0,1,0,0,0,,,,,,,,,,,,,,,
Catalyst,19,0.17,19,0,Ashen Skull,3,37,0,0,1,0,0,0,,,,,,,,,,,,,,,
Catalyst,19,0.17,19,0,Brass Aegis,4,46,0,0,1,0,0,0,,,,,,,,,,,,,,,
Catalyst,19,0.17,19,0,Unread Scroll,5,62,0,0,1,0,0,0,,,,,,,,,,,,,,,
Catalyst,19,0.17,19,0,Bloodrust Aegis,6,74,0,0,1,0,0,0,,,,,,,,,,,,,,,
Amulet,20,0.17,20,0,Copper Amulet,0,18,0,0,1,0,0,0,,,,,,,,,,,,,,,
Amulet,20,0.17,20,0,Copper Amulet,0,18,0,0,1,0,0,0,,,,,,,,,,,,,,,
Amulet,20,0.17,20,0,Jade Amulet,1,4,0,0,1,0,0,0,,,,,,,,,,,,,,,
Amulet,20,0.17,20,0,Silver Amulet,2,24,0,0,1,0,0,0,,,,,,,,,,,,,,,
Amulet,20,0.17,20,0,Brass Amulet,3,4,0,0,1,0,0,0,,,,,,,,,,,,,,,
Amulet,20,0.17,20,0,Turquoise Amulet,4,36,0,0,1,0,0,0,,,,,,,,,,,,,,,
Amulet,20,0.17,20,0,Ruby Amulet,5,0,0,0,1,0,0,0,,,,,,,,,,,,,,,
Amulet,20,0.17,20,0,Sapphire Amulet,6,44,0,0,1,0,0,0,,,,,,,,,,,,,,,
Amulet,20,0.17,20,0,Bone Amulet,7,58,0,0,1,0,0,0,,,,,,,,,,,,,,,
Amulet,20,0.17,20,0,Oracle Amulet,8,76,0,0,1,0,0,0,,,,,,,,,,,,,,,
Amulet,20,0.17,20,0,Gold Amulet,9,71,0,0,1,0,0,0,,,,,,,,,,,,,,,
Ring,21,0,21,0,Copper Ring,0,14,0,0,1,0,0,0,,,,,,,,,,,,,,,
Ring,21,0,21,0,Ruby Ring,1,62,0,0,1,0,0,0,,,,,,,,,,,,,,,
Ring,21,0,21,0,Sapphire Ring,2,40,0,0,1,0,0,0,,,,,,,,,,,,,,,
Ring,21,0,21,0,Silver Ring,3,0,0,0,1,0,0,0,,,,,,,,,,,,,,,
Ring,21,0,21,0,Gold Ring,4,25,0,0,1,0,0,0,,,,,,,,,,,,,,,
Ring,21,0,21,0,Jade Ring,6,0,0,0,1,0,0,0,,,,,,,,,,,,,,,
Ring,21,0,21,0,Turquoise Ring,7,31,0,0,1,0,0,0,,,,,,,,,,,,,,,
Ring,21,0,21,0,Ivory Ring,8,66,0,0,1,0,0,0,,,,,,,,,,,,,,,
Ring,21,0,21,0,Coral Ring,9,48,0,0,1,0,0,0,,,,,,,,,,,,,,,
Relic,22,0,22,0,Leatherbound Tome,0,0,0,0,1,0,0,0,,,,,,,,,,,,,,,
Relic,22,0,22,0,Lost Journal,1,0,0,0,1,0,0,0,,,,,,,,,,,,,,,
Relic,22,0,22,0,Stained Tome,2,0,0,0,1,0,0,0,,,,,,,,,,,,,,,
Relic,22,0,22,0,Copper Chalice,3,0,0,0,1,0,0,0,,,,,,,,,,,,,,,
Relic,22,0,22,0,Silver Grail,4,15,0,0,1,0,0,0,,,,,,,,,,,,,,,
Relic,22,0,22,0,Golden Chalice,5,37,0,0,1,0,0,0,,,,,,,,,,,,,,,
Relic,22,0,22,0,Grave Lantern,6,34,0,0,1,0,0,0,,,,,,,,,,,,,,,
Relic,22,0,22,0,Overgrowth Bloom,7,35,0,0,1,0,0,0,,,,,,,,,,,,,,,
Relic,22,0,22,0,Navigation Orb,8,61,0,0,1,0,0,0,,,,,,,,,,,,,,,
Relic,22,0,22,0,Broken Hilt,9,46,0,0,1,0,0,0,,,,,,,,,,,,,,,
Relic,22,0,22,0,Splintered Haft,10,65,0,0,1,0,0,0,,,,,,,,,,,,,,,
Relic,22,0,22,0,Defiled Bones,11,0,0,0,1,8,0,0,,,,,,,,,,,,,,,
Relic,22,0,22,0,Caged Souls,12,5,0,0,1,8,0,0,,,,,,,,,,,,,,,
Relic,22,0,22,0,Homunculus Bile,13,13,0,0,1,8,0,0,,,,,,,,,,,,,,,
Relic,22,0,22,0,Cursed Bones,14,33,0,0,1,8,0,0,,,,,,,,,,,,,,,
Relic,22,0,22,0,Runed Bones,15,51,0,0,1,8,0,0,,,,,,,,,,,,,,,
Relic,22,0,22,0,Decaying Homunculus,16,59,0,0,1,8,0,0,,,,,,,,,,,,,,,
Relic,22,0,22,0,Damned Souls,17,63,0,0,1,8,0,0,,,,,,,,,,,,,,,
Relic,22,0,22,0,Homunculus Blood,18,65,0,0,1,8,0,0,,,,,,,,,,,,,,,
Relic,22,0,22,0,Putrid Souls,19,71,0,0,1,8,0,0,,,,,,,,,,,,,,,
Relic,22,0,22,0,Runic Tome,20,0,0,0,1,2,0,0,,,,,,,,,,,,,,,
Relic,22,0,22,0,Arcane Quill,21,6,0,0,1,2,0,0,,,,,,,,,,,,,,,
Relic,22,0,22,0,Third Eye,22,12,0,0,1,2,0,0,,,,,,,,,,,,,,,
Relic,22,0,22,0,Scrivening Quill,23,41,0,0,1,2,0,0,,,,,,,,,,,,,,,
Relic,22,0,22,0,Ancient Tome,24,52,0,0,1,2,0,0,,,,,,,,,,,,,,,
Relic,22,0,22,0,Scrying Eye,25,58,0,0,1,2,0,0,,,,,,,,,,,,,,,
Relic,22,0,22,0,Warding Tome,26,64,0,0,1,2,0,0,,,,,,,,,,,,,,,
Relic,22,0,22,0,Rune Quill,27,72,0,0,1,2,0,0,,,,,,,,,,,,,,,
Relic,22,0,22,0,Elder Eye,28,76,0,0,1,2,0,0,,,,,,,,,,,,,,,
Relic,22,0,22,0,Dream Catcher,29,0,0,0,1,1,0,0,,,,,,,,,,,,,,,
Relic,22,0,22,0,Sage Antler,30,4,0,0,1,1,0,0,,,,,,,,,,,,,,,
Relic,22,0,22,0,Living Seed,31,11,0,0,1,1,0,0,,,,,,,,,,,,,,,
Relic,22,0,22,0,Ochre Antler,32,18,0,0,1,1,0,0,,,,,,,,,,,,,,,
Relic,22,0,22,0,Spriggan Seed,33,45,0,0,1,1,0,0,,,,,,,,,,,,,,,
Relic,22,0,22,0,Blood Catcher,34,53,0,0,1,1,0,0,,,,,,,,,,,,,,,
Relic,22,0,22,0,Frostborn Seed,35,67,0,0,1,1,0,0,,,,,,,,,,,,,,,
Relic,22,0,22,0,Spirit Catcher,36,70,0,0,1,1,0,0,,,,,,,,,,,,,,,
Relic,22,0,22,0,Woad Antler,37,75,0,0,1,1,0,0,,,,,,,,,,,,,,,
Relic,22,0,22,0,Sunrise Emblem,38,0,0,0,1,4,0,0,,,,,,,,,,,,,,,
Relic,22,0,22,0,Heretical Script,39,5,0,0,1,4,0,0,,,,,,,,,,,,,,,
Relic,22,0,22,0,Mournful Pennant,40,12,0,0,1,4,0,0,,,,,,,,,,,,,,,
Relic,22,0,22,0,Inscribed Tablet,41,29,0,0,1,4,0,0,,,,,,,,,,,,,,,
Relic,22,0,22,0,Solarum Banner,42,44,0,0,1,4,0,0,,,,,,,,,,,,,,,
Relic,22,0,22,0,Solar Commandment,43,50,0,0,1,4,0,0,,,,,,,,,,,,,,,
Relic,22,0,22,0,Argent Crest,44,58,0,0,1,4,0,0,,,,,,,,,,,,,,,
Relic,22,0,22,0,Dread Banner,45,63,0,0,1,4,0,0,,,,,,,,,,,,,,,
Relic,22,0,22,0,Tainted Effigy,46,77,0,0,1,4,0,0,,,,,,,,,,,,,,,
Relic,22,0,22,0,Ivory Dice,47,0,0,0,1,16,0,0,,,,,,,,,,,,,,,
Relic,22,0,22,0,Venom Phial,48,4,0,0,1,16,0,0,,,,,,,,,,,,,,,
Relic,22,0,22,0,Weathered Coins,49,16,0,0,1,16,0,0,,,,,,,,,,,,,,,
Relic,22,0,22,0,Stolen Tithe,50,44,0,0,1,16,0,0,,,,,,,,,,,,,,,
Relic,22,0,22,0,Oil Vial,51,51,0,0,1,16,0,0,,,,,,,,,,,,,,,
Relic,22,0,22,0,Jade Dice,52,55,0,0,1,16,0,0,,,,,,,,,,,,,,,
Relic,22,0,22,0,Ruby Dice,53,62,0,0,1,16,0,0,,,,,,,,,,,,,,,
Relic,22,0,22,0,Antidote Vial,54,68,0,0,1,16,0,0,,,,,,,,,,,,,,,
Relic,22,0,22,0,Ancient Coins,55,74,0,0,1,16,0,0,,,,,,,,,,,,,,,
Relic,22,0,22,0,Lost Anchor,56,80,0,0,1,0,0,0,,,,,,,,,,,,,,,
Relic,22,0,22,0,Stone Tablet,57,78,0,0,1,0,0,0,,,,,,,,,,,,,,,
Relic,22,0,22,0,Dragon Heart,58,80,0,0,1,0,0,0,,,,,,,,,,,,,,,
Bows,23,0.6,23,1,Shortbow,0,0,0,0,10.05,16,0,0,,,,,,,,,,,,,,,
Bows,23,0.6,23,1,Birch Bow,1,6,0,0,0.98,16,0,0,,,,,,,,,,,,,,,
Bows,23,0.6,23,1,Salvaged Bow,2,13,0,0,10.05,16,0,0,,,,,,,,,,,,,,,
Bows,23,0.6,23,1,Imperial Bow,3,23,0,0,0.95,16,0,0,,,,,,,,,,,,,,,
Bows,23,0.6,23,1,Recurve Bow,4,30,0,0,10.05,16,0,0,,,,,,,,,,,,,,,
Bows,23,0.6,23,1,Northern Bow,5,43,0,0,0.98,16,0,0,,,,,,,,,,,,,,,
Bows,23,0.6,23,1,Longbow,6,50,0,0,0.92,16,0,0,,,,,,,,,,,,,,,
Bows,23,0.6,23,1,Dreadthorn Bow,7,58,0,0,0.98,16,0,0,,,,,,,,,,,,,,,
Bows,23,0.6,23,1,Serpent Bow,8,60,0,0,10.05,16,0,0,,,,,,,,,,,,,,,
Bows,23,0.6,23,1,Osprix Bow,9,62,0,0,0.98,16,0,0,,,,,,,,,,,,,,,
Bows,23,0.6,23,1,Obsidian Bow,10,72,0,0,10.1,16,0,0,,,,,,,,,,,,,,,
